date,AAA,AA,A,BBB,BB,B,CCC
2023-07-17,0.52,0.7,1.1,1.58,2.56,4.21,9.27
2023-07-18,0.52,0.7,1.09,1.58,2.5,4.13,9.22
2023-07-19,0.52,0.69,1.09,1.57,2.5,4.12,9.18
2023-07-20,0.52,0.69,1.08,1.56,2.52,4.12,9.13
2023-07-21,0.51,0.69,1.07,1.55,2.51,4.1,9.14
2023-07-24,0.51,0.68,1.06,1.53,2.45,4.02,9.1
2023-07-25,0.51,0.67,1.04,1.52,2.48,4.03,9.08
2023-07-26,0.51,0.67,1.04,1.52,2.54,4.11,9.17
2023-07-27,0.49,0.65,1.01,1.48,2.42,3.98,8.99
2023-07-28,0.48,0.65,1.0,1.48,2.47,4.02,9.0
2023-07-31,0.48,0.65,1.0,1.47,2.45,3.96,9.06
2023-08-01,0.48,0.65,1.0,1.47,2.47,4.0,9.1
2023-08-02,0.5,0.66,1.02,1.5,2.58,4.14,9.27
2023-08-03,0.5,0.67,1.03,1.51,2.6,4.16,9.33
2023-08-04,0.49,0.67,1.03,1.51,2.64,4.18,9.38
2023-08-07,0.5,0.67,1.03,1.51,2.61,4.13,9.32
2023-08-08,0.5,0.68,1.04,1.52,2.66,4.17,9.27
2023-08-09,0.5,0.68,1.04,1.52,2.61,4.1,9.14
2023-08-10,0.5,0.67,1.03,1.51,2.5,3.97,9.03
2023-08-11,0.5,0.67,1.03,1.51,2.51,3.96,9.04
2023-08-14,0.5,0.67,1.04,1.51,2.5,3.92,8.91
2023-08-15,0.5,0.68,1.05,1.52,2.55,3.98,8.95
2023-08-16,0.5,0.68,1.06,1.53,2.51,3.94,8.9
2023-08-17,0.51,0.69,1.07,1.55,2.64,4.09,9.06
2023-08-18,0.51,0.69,1.07,1.56,2.7,4.17,9.13
2023-08-21,0.51,0.69,1.07,1.55,2.66,4.11,9.09
2023-08-22,0.5,0.68,1.06,1.54,2.62,4.06,9.07
2023-08-23,0.49,0.68,1.06,1.54,2.62,4.05,9.03
2023-08-24,0.47,0.66,1.04,1.52,2.61,4.04,9.02
2023-08-25,0.47,0.66,1.04,1.51,2.6,4.02,9.01
2023-08-28,0.47,0.66,1.03,1.51,2.57,3.98,8.99
2023-08-29,0.47,0.66,1.03,1.51,2.59,3.99,8.97
2023-08-30,0.47,0.66,1.03,1.51,2.52,3.92,8.9
2023-08-31,0.47,0.65,1.03,1.51,2.56,3.97,9.0
2023-09-01,0.48,0.65,1.03,1.51,2.51,3.92,8.94
2023-09-04,0.48,0.66,1.04,1.51,2.52,3.92,8.95
2023-09-05,0.47,0.65,1.04,1.51,2.54,3.94,8.98
2023-09-06,0.47,0.66,1.05,1.52,2.56,3.97,9.0
2023-09-07,0.47,0.66,1.05,1.52,2.6,4.01,9.02
2023-09-08,0.47,0.65,1.04,1.51,2.56,3.97,8.96
2023-09-11,0.47,0.65,1.04,1.51,2.54,3.93,8.91
2023-09-12,0.48,0.66,1.05,1.52,2.56,3.95,8.91
2023-09-13,0.48,0.66,1.05,1.53,2.58,3.96,8.9
2023-09-14,0.47,0.65,1.04,1.51,2.52,3.86,8.77
2023-09-15,0.47,0.65,1.04,1.51,2.55,3.87,8.77
2023-09-18,0.47,0.65,1.04,1.51,2.58,3.9,8.81
2023-09-19,0.47,0.64,1.03,1.5,2.58,3.89,8.81
2023-09-20,0.45,0.63,1.02,1.48,2.54,3.84,8.75
2023-09-21,0.45,0.63,1.02,1.48,2.63,3.98,8.94
2023-09-22,0.45,0.63,1.02,1.48,2.67,4.01,8.98
2023-09-25,0.45,0.62,1.02,1.47,2.69,4.07,9.06
2023-09-26,0.45,0.62,1.02,1.48,2.76,4.14,9.17
2023-09-27,0.46,0.62,1.04,1.49,2.73,4.13,9.22
2023-09-28,0.47,0.64,1.05,1.51,2.8,4.19,9.25
2023-09-29,0.47,0.64,1.06,1.51,2.74,4.13,9.19
2023-09-30,0.47,0.65,1.07,1.53,2.75,4.19,9.23
2023-10-02,0.48,0.66,1.08,1.54,2.81,4.27,9.36
2023-10-03,0.49,0.67,1.11,1.57,2.92,4.42,9.64
2023-10-04,0.49,0.68,1.12,1.58,3.02,4.54,9.76
2023-10-05,0.48,0.67,1.12,1.59,3.03,4.56,9.81
2023-10-06,0.47,0.67,1.11,1.58,2.97,4.52,9.76
2023-10-09,0.48,0.67,1.11,1.58,2.97,4.53,9.78
2023-10-10,0.48,0.68,1.11,1.58,2.91,4.43,9.66
2023-10-11,0.46,0.66,1.1,1.57,2.9,4.43,9.61
2023-10-12,0.46,0.65,1.09,1.56,2.89,4.43,9.67
2023-10-13,0.46,0.66,1.09,1.57,2.93,4.49,9.72
2023-10-16,0.46,0.66,1.09,1.56,2.92,4.46,9.7
2023-10-17,0.47,0.66,1.1,1.56,2.88,4.44,9.69
2023-10-18,0.49,0.67,1.11,1.58,2.94,4.51,9.79
2023-10-19,0.49,0.68,1.13,1.6,2.98,4.55,9.91
2023-10-20,0.5,0.69,1.15,1.63,3.11,4.72,10.11
2023-10-23,0.5,0.7,1.15,1.63,3.1,4.72,10.14
2023-10-24,0.49,0.68,1.13,1.6,3.0,4.61,10.04
2023-10-25,0.47,0.67,1.12,1.59,2.96,4.58,10.01
2023-10-26,0.48,0.67,1.12,1.6,3.06,4.7,10.26
2023-10-27,0.48,0.67,1.13,1.61,3.08,4.74,10.34
2023-10-30,0.49,0.68,1.13,1.62,3.03,4.71,10.41
2023-10-31,0.49,0.68,1.14,1.62,2.92,4.68,10.4
2023-11-01,0.49,0.69,1.15,1.63,2.93,4.76,10.57
2023-11-02,0.46,0.66,1.12,1.59,2.66,4.42,10.12
2023-11-03,0.46,0.66,1.11,1.58,2.56,4.27,10.1
2023-11-06,0.46,0.66,1.1,1.58,2.52,4.2,10.17
2023-11-07,0.46,0.67,1.11,1.58,2.61,4.29,10.11
2023-11-08,0.46,0.66,1.1,1.58,2.62,4.28,10.18
2023-11-09,0.46,0.65,1.09,1.56,2.57,4.25,10.07
2023-11-10,0.45,0.65,1.09,1.56,2.56,4.23,10.1
2023-11-13,0.44,0.64,1.08,1.55,2.57,4.22,10.12
2023-11-14,0.43,0.63,1.05,1.52,2.49,4.12,9.87
2023-11-15,0.43,0.62,1.04,1.51,2.48,4.07,9.77
2023-11-16,0.42,0.62,1.03,1.5,2.59,4.22,9.93
2023-11-17,0.41,0.61,1.02,1.48,2.56,4.18,9.89
2023-11-20,0.4,0.6,1.0,1.46,2.51,4.12,9.81
2023-11-21,0.4,0.6,0.99,1.46,2.53,4.15,9.83
2023-11-22,0.38,0.58,0.98,1.43,2.48,4.09,9.82
2023-11-23,0.38,0.58,0.98,1.43,2.48,4.1,9.82
2023-11-24,0.37,0.57,0.97,1.42,2.43,4.04,9.77
2023-11-27,0.37,0.57,0.96,1.41,2.48,4.08,9.76
2023-11-28,0.37,0.57,0.97,1.41,2.48,4.09,9.75
2023-11-29,0.36,0.55,0.94,1.38,2.39,4.0,9.6
2023-11-30,0.35,0.54,0.93,1.39,2.36,3.98,9.76
2023-12-01,0.34,0.55,0.93,1.39,2.4,4.0,9.79
2023-12-04,0.35,0.54,0.92,1.38,2.34,3.91,9.73
2023-12-05,0.36,0.55,0.93,1.39,2.34,3.92,9.65
2023-12-06,0.37,0.56,0.94,1.4,2.34,3.92,9.61
2023-12-07,0.38,0.56,0.93,1.39,2.32,3.89,9.6
2023-12-08,0.37,0.55,0.92,1.38,2.31,3.87,9.55
2023-12-11,0.39,0.56,0.93,1.38,2.34,3.9,9.62
2023-12-12,0.38,0.55,0.91,1.36,2.33,3.87,9.54
2023-12-13,0.36,0.54,0.9,1.35,2.37,3.89,9.53
2023-12-14,0.35,0.52,0.86,1.31,2.1,3.56,9.03
2023-12-15,0.37,0.53,0.87,1.31,2.14,3.6,9.04
2023-12-18,0.38,0.53,0.87,1.31,2.15,3.59,9.02
2023-12-19,0.39,0.54,0.88,1.32,2.11,3.55,8.95
2023-12-20,0.4,0.55,0.89,1.33,2.11,3.5,8.81
2023-12-21,0.41,0.56,0.9,1.33,2.1,3.49,8.73
2023-12-22,0.41,0.56,0.9,1.33,2.07,3.47,8.72
2023-12-26,0.41,0.55,0.9,1.32,2.06,3.45,8.66
2023-12-27,0.4,0.56,0.89,1.31,2.04,3.41,8.62
2023-12-28,0.4,0.55,0.88,1.29,2.02,3.4,8.57
2023-12-29,0.4,0.55,0.88,1.29,2.04,3.42,8.51
2023-12-31,0.4,0.56,0.88,1.29,2.05,3.41,9.02
2024-01-02,0.42,0.57,0.9,1.31,2.17,3.57,9.25
2024-01-03,0.45,0.6,0.93,1.34,2.31,3.75,9.52
2024-01-04,0.44,0.59,0.93,1.34,2.28,3.73,9.54
2024-01-05,0.43,0.59,0.93,1.33,2.27,3.73,9.54
2024-01-08,0.43,0.59,0.92,1.32,2.23,3.65,9.53
2024-01-09,0.41,0.58,0.91,1.3,2.19,3.61,9.47
2024-01-10,0.39,0.56,0.89,1.28,2.11,3.51,9.38
2024-01-11,0.37,0.55,0.88,1.27,2.17,3.58,9.4
2024-01-12,0.36,0.55,0.87,1.26,2.17,3.57,9.41
2024-01-15,0.36,0.55,0.87,1.26,2.16,3.56,9.33
2024-01-16,0.36,0.54,0.87,1.26,2.19,3.64,9.34
2024-01-17,0.36,0.55,0.87,1.26,2.21,3.69,9.4
2024-01-18,0.35,0.53,0.85,1.24,2.18,3.62,9.38
2024-01-19,0.35,0.53,0.85,1.24,2.16,3.59,9.28
2024-01-22,0.36,0.54,0.86,1.24,2.11,3.54,9.22
2024-01-23,0.36,0.54,0.85,1.24,2.14,3.56,9.19
2024-01-24,0.34,0.53,0.84,1.23,2.08,3.47,9.15
2024-01-25,0.34,0.52,0.82,1.22,2.09,3.47,9.14
2024-01-26,0.33,0.51,0.81,1.21,2.04,3.4,9.08
2024-01-29,0.35,0.52,0.82,1.22,2.07,3.43,9.07
2024-01-30,0.37,0.54,0.84,1.23,2.08,3.44,9.07
2024-01-31,0.4,0.56,0.86,1.26,2.22,3.59,9.53
2024-02-01,0.41,0.58,0.89,1.28,2.19,3.53,9.52
2024-02-02,0.4,0.56,0.86,1.25,2.11,3.44,9.46
2024-02-05,0.39,0.55,0.85,1.24,2.12,3.46,9.55
2024-02-06,0.38,0.55,0.84,1.24,2.15,3.48,9.55
2024-02-07,0.38,0.55,0.84,1.24,2.07,3.39,9.42
2024-02-08,0.37,0.54,0.84,1.23,2.04,3.34,9.27
2024-02-09,0.38,0.54,0.84,1.24,2.0,3.27,9.2
2024-02-12,0.39,0.55,0.84,1.24,2.01,3.31,9.22
2024-02-13,0.39,0.54,0.83,1.22,2.01,3.33,9.25
2024-02-14,0.38,0.53,0.83,1.22,2.03,3.34,9.3
2024-02-15,0.37,0.53,0.81,1.2,2.01,3.3,9.28
2024-02-16,0.37,0.52,0.8,1.19,1.99,3.29,9.25
2024-02-19,0.37,0.52,0.81,1.2,1.99,3.29,9.27
2024-02-20,0.37,0.52,0.8,1.19,2.03,3.33,9.28
2024-02-21,0.36,0.51,0.79,1.18,1.98,3.31,9.27
2024-02-22,0.35,0.5,0.77,1.16,1.89,3.17,9.06
2024-02-23,0.38,0.52,0.79,1.18,1.93,3.17,8.97
2024-02-26,0.39,0.53,0.8,1.2,1.95,3.17,8.86
2024-02-27,0.39,0.53,0.81,1.2,1.98,3.2,8.84
2024-02-28,0.4,0.54,0.82,1.22,2.04,3.25,8.86
2024-02-29,0.42,0.55,0.84,1.24,2.03,3.26,8.8
2024-03-01,0.42,0.56,0.85,1.25,2.07,3.28,8.79
2024-03-04,0.41,0.55,0.84,1.24,2.02,3.22,8.71
2024-03-05,0.42,0.56,0.85,1.25,2.07,3.27,8.72
2024-03-06,0.41,0.56,0.85,1.25,2.04,3.23,8.69
2024-03-07,0.41,0.55,0.84,1.24,2.04,3.23,8.68
2024-03-08,0.4,0.54,0.83,1.23,2.04,3.22,8.68
2024-03-11,0.4,0.54,0.82,1.23,2.04,3.22,8.66
2024-03-12,0.39,0.53,0.81,1.21,1.99,3.16,8.57
2024-03-13,0.36,0.51,0.79,1.19,1.94,3.08,8.49
2024-03-14,0.36,0.5,0.78,1.17,1.94,3.1,8.49
2024-03-15,0.35,0.5,0.78,1.17,1.94,3.12,8.52
2024-03-18,0.34,0.49,0.77,1.15,1.91,3.09,8.49
2024-03-19,0.35,0.48,0.76,1.15,1.89,3.06,8.39
2024-03-20,0.36,0.49,0.77,1.16,1.91,3.11,8.48
2024-03-21,0.36,0.48,0.76,1.14,1.81,3.02,8.46
2024-03-22,0.36,0.48,0.77,1.15,1.85,3.05,8.45
2024-03-25,0.37,0.49,0.77,1.15,1.87,3.08,8.55
2024-03-26,0.38,0.5,0.78,1.16,1.9,3.13,8.59
2024-03-27,0.38,0.5,0.79,1.16,1.9,3.13,8.58
2024-03-28,0.37,0.5,0.78,1.15,1.87,3.11,8.52
2024-03-31,0.38,0.51,0.8,1.17,1.9,3.08,8.57
2024-04-01,0.37,0.5,0.79,1.16,1.86,3.06,8.59
2024-04-02,0.36,0.49,0.78,1.16,1.94,3.19,8.78
2024-04-03,0.36,0.49,0.77,1.14,1.94,3.18,8.83
2024-04-04,0.36,0.49,0.77,1.15,1.96,3.18,8.83
2024-04-05,0.36,0.49,0.78,1.14,1.89,3.12,8.78
2024-04-08,0.36,0.49,0.76,1.13,1.86,3.07,8.78
2024-04-09,0.36,0.49,0.76,1.13,1.87,3.05,8.73
2024-04-10,0.36,0.48,0.75,1.11,1.82,3.02,8.68
2024-04-11,0.35,0.47,0.75,1.11,1.88,3.09,8.72
2024-04-12,0.37,0.49,0.77,1.13,1.96,3.18,8.86
2024-04-15,0.37,0.49,0.78,1.15,1.99,3.2,8.94
2024-04-16,0.38,0.51,0.81,1.17,2.04,3.29,9.1
2024-04-17,0.38,0.51,0.8,1.17,2.1,3.37,9.18
2024-04-18,0.38,0.51,0.8,1.17,2.07,3.34,9.16
2024-04-19,0.38,0.51,0.8,1.17,2.05,3.31,9.16
2024-04-22,0.37,0.5,0.79,1.16,1.97,3.22,9.11
2024-04-23,0.36,0.49,0.77,1.14,1.9,3.1,8.98
2024-04-24,0.36,0.49,0.77,1.14,1.9,3.09,8.93
2024-04-25,0.37,0.49,0.77,1.14,1.93,3.16,9.01
2024-04-26,0.36,0.48,0.76,1.13,1.86,3.08,8.91
2024-04-29,0.36,0.48,0.75,1.12,1.84,3.02,8.82
2024-04-30,0.36,0.49,0.77,1.14,1.89,2.99,9.16
2024-05-01,0.35,0.49,0.77,1.14,1.91,3.02,9.21
2024-05-02,0.35,0.49,0.76,1.13,1.88,2.97,9.12
2024-05-03,0.34,0.48,0.75,1.11,1.81,2.87,9.04
2024-05-06,0.34,0.48,0.74,1.1,1.77,2.82,9.02
2024-05-07,0.35,0.48,0.74,1.1,1.78,2.85,9.09
2024-05-08,0.35,0.48,0.75,1.11,1.81,2.89,9.17
2024-05-09,0.35,0.48,0.75,1.11,1.85,2.94,9.2
2024-05-10,0.36,0.48,0.75,1.12,1.83,2.92,9.22
2024-05-13,0.37,0.49,0.76,1.12,1.85,2.94,9.22
2024-05-14,0.37,0.49,0.76,1.12,1.87,2.94,9.14
2024-05-15,0.37,0.49,0.76,1.12,1.86,2.92,9.1
2024-05-16,0.37,0.49,0.75,1.11,1.81,2.89,9.05
2024-05-17,0.36,0.48,0.75,1.11,1.81,2.91,9.02
2024-05-20,0.36,0.48,0.74,1.1,1.79,2.9,8.98
2024-05-21,0.37,0.49,0.74,1.1,1.79,2.9,8.98
2024-05-22,0.38,0.49,0.75,1.11,1.82,2.95,9.01
2024-05-23,0.37,0.49,0.75,1.1,1.82,2.93,9.0
2024-05-24,0.38,0.49,0.75,1.1,1.83,2.94,9.03
2024-05-27,0.38,0.49,0.75,1.1,1.83,2.94,9.05
2024-05-28,0.37,0.48,0.74,1.09,1.8,2.92,9.02
2024-05-29,0.37,0.48,0.74,1.09,1.84,2.99,9.09
2024-05-30,0.37,0.48,0.74,1.09,1.89,3.03,9.15
2024-05-31,0.37,0.49,0.74,1.1,1.89,2.91,9.34
2024-06-03,0.37,0.49,0.74,1.1,1.87,2.87,9.33
2024-06-04,0.38,0.5,0.76,1.11,1.9,2.93,9.37
2024-06-05,0.39,0.51,0.77,1.13,1.89,2.92,9.33
2024-06-06,0.39,0.52,0.78,1.13,1.9,2.92,9.25
2024-06-07,0.38,0.51,0.76,1.12,1.84,2.88,9.22
2024-06-10,0.38,0.51,0.76,1.12,1.85,2.87,9.2
2024-06-11,0.38,0.51,0.77,1.12,1.89,2.91,9.25
2024-06-12,0.38,0.51,0.76,1.12,1.82,2.79,9.07
2024-06-13,0.39,0.52,0.78,1.14,1.91,2.91,9.18
2024-06-14,0.41,0.54,0.8,1.17,1.99,3.03,9.33
2024-06-17,0.42,0.55,0.81,1.17,1.95,2.99,9.36
2024-06-18,0.42,0.56,0.81,1.17,1.94,2.96,9.35
2024-06-19,0.42,0.56,0.81,1.18,1.94,2.96,9.36
2024-06-20,0.43,0.56,0.82,1.18,1.92,2.95,9.32
2024-06-21,0.43,0.56,0.82,1.18,1.9,2.95,9.36
2024-06-24,0.42,0.56,0.82,1.18,1.87,2.91,9.37
2024-06-25,0.43,0.56,0.82,1.18,1.87,2.91,9.39
2024-06-26,0.43,0.57,0.83,1.18,1.85,2.91,9.41
2024-06-27,0.42,0.56,0.82,1.18,1.88,2.93,9.44
2024-06-28,0.41,0.55,0.82,1.17,1.84,2.9,9.42
2024-06-30,0.41,0.56,0.82,1.19,1.85,3.01,9.53
2024-07-01,0.38,0.54,0.8,1.16,1.85,3.02,9.51
2024-07-02,0.37,0.53,0.79,1.15,1.87,3.04,9.55
2024-07-03,0.38,0.53,0.78,1.15,1.9,3.05,9.58
2024-07-04,0.38,0.53,0.79,1.15,1.9,3.05,9.59
2024-07-05,0.37,0.53,0.78,1.15,1.92,3.08,9.59
2024-07-08,0.37,0.53,0.78,1.14,1.85,2.99,9.52
2024-07-09,0.37,0.52,0.78,1.14,1.86,3.0,9.51
2024-07-10,0.37,0.53,0.78,1.14,1.83,2.95,9.46
2024-07-11,0.38,0.53,0.79,1.15,1.85,2.92,9.52
2024-07-12,0.37,0.52,0.78,1.14,1.85,2.94,9.51
2024-07-15,0.37,0.52,0.78,1.14,1.8,2.9,9.38
2024-07-16,0.38,0.53,0.79,1.14,1.77,2.85,9.3
2024-07-17,0.39,0.53,0.79,1.15,1.76,2.86,9.37
2024-07-18,0.39,0.53,0.79,1.15,1.76,2.87,9.3
2024-07-19,0.38,0.53,0.79,1.15,1.75,2.87,9.32
2024-07-22,0.38,0.53,0.79,1.15,1.72,2.82,9.31
2024-07-23,0.39,0.53,0.79,1.15,1.7,2.78,9.26
2024-07-24,0.4,0.56,0.83,1.18,1.77,2.87,9.34
2024-07-25,0.4,0.55,0.81,1.17,1.76,2.84,9.31
2024-07-26,0.39,0.55,0.81,1.17,1.77,2.89,9.29
2024-07-29,0.4,0.55,0.81,1.17,1.81,2.91,9.22
2024-07-30,0.41,0.55,0.82,1.18,1.89,3.0,9.19
2024-07-31,0.4,0.56,0.83,1.2,1.94,3.01,9.42
2024-08-01,0.43,0.58,0.85,1.23,2.03,3.13,9.53
2024-08-02,0.47,0.63,0.91,1.3,2.35,3.53,10.1
2024-08-05,0.53,0.68,0.97,1.37,2.49,3.76,10.55
2024-08-06,0.49,0.65,0.93,1.32,2.27,3.49,10.19
2024-08-07,0.47,0.64,0.92,1.31,2.18,3.39,9.96
2024-08-08,0.46,0.62,0.9,1.29,2.1,3.31,9.83
2024-08-09,0.45,0.62,0.9,1.28,2.12,3.29,9.83
2024-08-12,0.46,0.62,0.9,1.29,2.17,3.32,9.8
2024-08-13,0.45,0.61,0.89,1.28,2.18,3.33,9.84
2024-08-14,0.44,0.6,0.88,1.26,2.11,3.27,9.69
2024-08-15,0.4,0.57,0.84,1.22,1.96,3.07,9.66
2024-08-16,0.4,0.56,0.83,1.21,1.95,3.04,9.63
2024-08-19,0.4,0.55,0.83,1.21,1.88,2.93,9.52
2024-08-20,0.4,0.56,0.84,1.22,1.92,2.99,9.59
2024-08-21,0.4,0.56,0.84,1.22,1.94,3.0,9.61
2024-08-22,0.39,0.55,0.83,1.21,1.88,2.95,9.52
2024-08-23,0.38,0.54,0.82,1.2,1.88,2.92,9.45
2024-08-26,0.38,0.54,0.81,1.19,1.84,2.88,9.39
2024-08-27,0.37,0.54,0.81,1.19,1.86,2.91,9.43
2024-08-28,0.38,0.54,0.82,1.19,1.88,2.92,9.44
2024-08-29,0.38,0.53,0.81,1.19,1.83,2.89,9.37
2024-08-30,0.37,0.53,0.81,1.18,1.82,2.86,9.37
2024-08-31,0.38,0.55,0.81,1.19,1.82,3.0,9.47
2024-09-02,0.38,0.55,0.81,1.19,1.82,3.0,9.47
2024-09-03,0.39,0.56,0.82,1.22,1.95,3.14,9.65
2024-09-04,0.4,0.57,0.83,1.23,2.0,3.19,9.57
2024-09-05,0.4,0.57,0.83,1.23,1.98,3.12,9.32
2024-09-06,0.4,0.57,0.84,1.24,2.06,3.25,9.37
2024-09-09,0.4,0.57,0.83,1.23,2.04,3.22,9.29
2024-09-10,0.41,0.58,0.84,1.25,2.14,3.35,9.33
2024-09-11,0.41,0.58,0.84,1.25,2.12,3.36,9.27
2024-09-12,0.4,0.57,0.83,1.24,2.07,3.3,9.17
2024-09-13,0.38,0.56,0.83,1.23,2.05,3.28,9.19
2024-09-16,0.38,0.56,0.82,1.22,2.03,3.24,8.9
2024-09-17,0.37,0.55,0.81,1.2,1.97,3.18,8.77
2024-09-18,0.36,0.54,0.8,1.19,1.93,3.14,8.71
2024-09-19,0.34,0.52,0.77,1.16,1.86,3.02,8.47
2024-09-20,0.34,0.52,0.77,1.17,1.91,3.07,8.5
2024-09-23,0.34,0.51,0.76,1.16,1.9,3.06,8.59
2024-09-24,0.33,0.51,0.76,1.15,1.95,3.13,8.68
2024-09-25,0.34,0.51,0.76,1.15,1.92,3.11,8.65
2024-09-26,0.35,0.51,0.76,1.15,1.88,3.05,8.63
2024-09-27,0.34,0.52,0.76,1.15,1.91,3.07,8.4
2024-09-30,0.34,0.52,0.76,1.16,1.89,2.99,8.02
2024-10-01,0.35,0.52,0.76,1.16,1.93,3.04,8.06
2024-10-02,0.34,0.52,0.75,1.15,1.92,3.03,8.06
2024-10-03,0.33,0.51,0.74,1.13,1.89,3.02,8.01
2024-10-04,0.31,0.48,0.71,1.1,1.76,2.86,7.85
2024-10-07,0.32,0.48,0.71,1.09,1.81,2.92,7.9
2024-10-08,0.32,0.49,0.71,1.09,1.85,2.96,7.92
2024-10-09,0.32,0.48,0.7,1.08,1.81,2.92,7.87
2024-10-10,0.31,0.47,0.69,1.07,1.85,2.98,7.9
2024-10-11,0.3,0.46,0.69,1.06,1.84,2.96,7.88
2024-10-14,0.3,0.46,0.69,1.06,1.83,2.95,7.85
2024-10-15,0.31,0.46,0.69,1.05,1.8,2.89,7.8
2024-10-16,0.3,0.46,0.68,1.05,1.79,2.87,7.75
2024-10-17,0.3,0.46,0.68,1.04,1.78,2.84,7.69
2024-10-18,0.3,0.46,0.68,1.05,1.78,2.85,7.66
2024-10-21,0.32,0.47,0.7,1.07,1.78,2.83,7.67
2024-10-22,0.33,0.48,0.71,1.07,1.83,2.87,7.69
2024-10-23,0.33,0.48,0.71,1.08,1.85,2.9,7.71
2024-10-24,0.34,0.49,0.71,1.08,1.83,2.88,7.69
2024-10-25,0.33,0.48,0.7,1.07,1.79,2.85,7.69
2024-10-28,0.32,0.48,0.7,1.06,1.72,2.78,7.59
2024-10-29,0.32,0.48,0.7,1.06,1.76,2.81,7.61
2024-10-30,0.33,0.48,0.7,1.06,1.71,2.75,7.52
2024-10-31,0.35,0.49,0.71,1.08,1.8,2.86,7.56
2024-11-01,0.35,0.49,0.71,1.07,1.75,2.84,7.41
2024-11-04,0.34,0.49,0.71,1.07,1.79,2.87,7.51
2024-11-05,0.34,0.48,0.7,1.06,1.78,2.84,7.5
2024-11-06,0.31,0.45,0.66,1.01,1.68,2.7,7.33
2024-11-07,0.29,0.43,0.64,0.99,1.69,2.69,7.28
2024-11-08,0.3,0.43,0.63,0.98,1.58,2.58,7.21
2024-11-11,0.3,0.43,0.63,0.98,1.58,2.58,7.21
2024-11-12,0.3,0.43,0.63,0.97,1.57,2.55,7.19
2024-11-13,0.31,0.44,0.65,0.99,1.59,2.58,7.25
2024-11-14,0.33,0.45,0.66,1.0,1.57,2.54,7.16
2024-11-15,0.32,0.46,0.67,1.01,1.68,2.69,7.25
2024-11-18,0.31,0.45,0.66,1.0,1.69,2.67,7.25
2024-11-19,0.32,0.45,0.66,1.0,1.65,2.64,7.22
2024-11-20,0.33,0.46,0.67,1.01,1.63,2.63,7.19
2024-11-21,0.32,0.46,0.67,1.01,1.58,2.57,7.06
2024-11-22,0.33,0.46,0.67,1.0,1.58,2.58,7.1
2024-11-25,0.33,0.46,0.67,1.0,1.61,2.59,7.16
2024-11-26,0.34,0.47,0.68,1.01,1.64,2.64,7.18
2024-11-27,0.35,0.48,0.69,1.02,1.65,2.65,7.22
2024-11-28,0.35,0.48,0.69,1.02,1.65,2.65,7.22
2024-11-29,0.34,0.47,0.68,1.02,1.67,2.69,7.26
2024-11-30,0.35,0.48,0.69,1.03,1.68,2.73,7.35
2024-12-02,0.34,0.47,0.68,1.01,1.63,2.65,7.32
2024-12-03,0.34,0.46,0.67,1.0,1.6,2.64,7.32
2024-12-04,0.33,0.46,0.67,1.01,1.61,2.63,7.31
2024-12-05,0.33,0.47,0.67,1.01,1.61,2.63,7.27
2024-12-06,0.34,0.47,0.68,1.02,1.62,2.64,7.3
2024-12-09,0.34,0.47,0.67,1.01,1.62,2.65,7.24
2024-12-10,0.33,0.46,0.66,1.0,1.63,2.66,7.21
2024-12-11,0.32,0.45,0.65,0.98,1.61,2.61,7.15
2024-12-12,0.33,0.45,0.66,0.99,1.63,2.64,7.14
2024-12-13,0.32,0.45,0.65,0.98,1.65,2.67,7.16
2024-12-16,0.32,0.45,0.65,0.98,1.65,2.68,7.16
2024-12-17,0.33,0.45,0.66,0.99,1.71,2.75,7.2
2024-12-18,0.33,0.45,0.66,0.98,1.69,2.74,7.16
2024-12-19,0.35,0.47,0.69,1.02,1.86,2.92,7.36
2024-12-20,0.35,0.48,0.69,1.02,1.82,2.88,7.3
2024-12-23,0.34,0.48,0.69,1.02,1.81,2.85,7.32
2024-12-24,0.34,0.47,0.69,1.01,1.82,2.87,7.3
2024-12-26,0.33,0.47,0.68,1.0,1.83,2.87,7.29
2024-12-27,0.33,0.46,0.68,1.0,1.8,2.85,7.3
2024-12-30,0.34,0.47,0.69,1.01,1.9,2.96,7.4
2024-12-31,0.34,0.48,0.69,1.02,1.86,2.96,7.46
2025-01-02,0.34,0.48,0.7,1.02,1.83,2.9,7.39
2025-01-03,0.34,0.48,0.7,1.02,1.76,2.82,7.34
2025-01-06,0.34,0.48,0.71,1.03,1.71,2.78,7.28
2025-01-07,0.34,0.48,0.71,1.04,1.75,2.83,7.29
2025-01-08,0.34,0.48,0.7,1.03,1.79,2.86,7.37
2025-01-09,0.33,0.48,0.7,1.03,1.77,2.84,7.34
2025-01-10,0.34,0.48,0.7,1.03,1.75,2.86,7.32
2025-01-13,0.34,0.48,0.71,1.04,1.79,2.89,7.38
2025-01-14,0.34,0.48,0.71,1.04,1.76,2.83,7.26
2025-01-15,0.33,0.47,0.69,1.03,1.7,2.74,7.14
2025-01-16,0.33,0.47,0.7,1.03,1.71,2.75,7.16
2025-01-17,0.33,0.47,0.69,1.02,1.63,2.65,7.07
2025-01-20,0.33,0.47,0.69,1.02,1.63,2.65,7.07
2025-01-21,0.33,0.47,0.68,1.02,1.6,2.62,6.99
2025-01-22,0.33,0.46,0.68,1.01,1.58,2.6,6.92
2025-01-23,0.32,0.46,0.67,1.0,1.61,2.62,6.9
2025-01-24,0.32,0.45,0.67,1.0,1.59,2.61,6.94
2025-01-27,0.33,0.46,0.68,1.01,1.64,2.67,7.11
2025-01-28,0.33,0.46,0.67,1.0,1.64,2.66,7.1
2025-01-29,0.33,0.46,0.68,1.01,1.66,2.67,7.1
2025-01-30,0.34,0.47,0.68,1.01,1.66,2.68,7.05
2025-01-31,0.35,0.46,0.69,1.02,1.66,2.71,6.99
2025-02-03,0.36,0.47,0.7,1.03,1.68,2.78,7.12
2025-02-04,0.36,0.47,0.69,1.03,1.66,2.75,7.13
2025-02-05,0.36,0.47,0.7,1.03,1.65,2.71,7.1
2025-02-06,0.37,0.48,0.7,1.04,1.62,2.7,7.09
2025-02-07,0.37,0.48,0.71,1.04,1.63,2.71,7.1
2025-02-10,0.37,0.48,0.71,1.04,1.6,2.7,7.1
2025-02-11,0.36,0.47,0.7,1.03,1.62,2.68,7.11
2025-02-12,0.35,0.46,0.68,1.01,1.6,2.67,7.14
2025-02-13,0.34,0.46,0.68,1.0,1.61,2.68,7.1
2025-02-14,0.34,0.45,0.67,1.0,1.59,2.64,7.06
2025-02-17,0.34,0.45,0.67,1.0,1.59,2.64,7.06
2025-02-18,0.33,0.44,0.66,0.98,1.56,2.6,7.21
2025-02-19,0.33,0.45,0.66,0.99,1.63,2.68,7.25
2025-02-20,0.34,0.45,0.67,0.99,1.62,2.64,7.19
2025-02-21,0.35,0.46,0.68,1.01,1.73,2.77,7.34
2025-02-24,0.35,0.46,0.68,1.01,1.73,2.78,7.31
2025-02-25,0.37,0.48,0.7,1.03,1.78,2.83,7.42
2025-02-26,0.37,0.49,0.71,1.04,1.77,2.79,7.32
2025-02-27,0.38,0.49,0.72,1.05,1.76,2.81,7.32
2025-02-28,0.4,0.51,0.75,1.09,1.82,2.88,7.6
2025-03-03,0.4,0.52,0.75,1.1,1.87,2.96,7.69
2025-03-04,0.4,0.52,0.75,1.11,1.9,3.02,7.84
2025-03-05,0.39,0.5,0.73,1.08,1.8,2.89,7.74
2025-03-06,0.4,0.51,0.74,1.09,1.89,3.0,7.9
2025-03-07,0.4,0.51,0.75,1.1,1.87,3.0,7.91
2025-03-10,0.42,0.53,0.77,1.13,2.02,3.18,8.26
2025-03-11,0.44,0.55,0.8,1.16,2.04,3.27,8.4
2025-03-12,0.45,0.57,0.81,1.17,2.02,3.26,8.41
2025-03-13,0.45,0.58,0.83,1.2,2.17,3.5,8.72
2025-03-14,0.43,0.55,0.8,1.16,2.04,3.33,8.56
2025-03-17,0.42,0.54,0.79,1.15,1.98,3.26,8.46
2025-03-18,0.41,0.54,0.78,1.15,2.01,3.3,8.58
2025-03-19,0.4,0.52,0.76,1.13,1.96,3.27,8.56
2025-03-20,0.4,0.52,0.76,1.13,1.95,3.23,8.53
2025-03-21,0.4,0.53,0.77,1.14,1.99,3.28,8.6
2025-03-24,0.39,0.52,0.76,1.12,1.85,3.1,8.37
2025-03-25,0.4,0.51,0.75,1.12,1.89,3.14,8.38
2025-03-26,0.4,0.52,0.76,1.13,1.98,3.26,8.5
2025-03-27,0.4,0.52,0.77,1.14,2.05,3.35,8.6
2025-03-28,0.42,0.54,0.79,1.17,2.21,3.6,8.88
2025-03-31,0.44,0.56,0.81,1.2,2.24,3.68,9.28
2025-04-01,0.45,0.57,0.82,1.21,2.2,3.62,9.25
2025-04-02,0.44,0.56,0.81,1.19,2.12,3.53,9.25
2025-04-03,0.5,0.63,0.89,1.3,2.6,4.21,10.18
2025-04-04,0.56,0.7,0.97,1.41,2.94,4.69,10.99
2025-04-07,0.59,0.73,1.02,1.48,3.06,4.86,11.37
2025-04-08,0.56,0.7,1.0,1.46,3.04,4.83,11.14
2025-04-09,0.57,0.73,1.02,1.49,2.87,4.57,10.9
2025-04-10,0.52,0.68,0.99,1.46,2.92,4.64,10.92
2025-04-11,0.51,0.68,0.99,1.46,2.78,4.46,10.76
2025-04-14,0.48,0.65,0.96,1.43,2.7,4.31,10.57
2025-04-15,0.47,0.64,0.95,1.42,2.65,4.25,10.5
2025-04-16,0.47,0.63,0.95,1.41,2.7,4.33,10.61
2025-04-17,0.45,0.62,0.93,1.39,2.58,4.17,10.39
2025-04-21,0.46,0.62,0.94,1.4,2.7,4.34,10.58
2025-04-22,0.46,0.62,0.93,1.39,2.56,4.16,10.35
2025-04-23,0.44,0.6,0.9,1.35,2.37,3.88,9.87
2025-04-24,0.43,0.59,0.88,1.33,2.36,3.85,9.85
2025-04-25,0.42,0.57,0.86,1.31,2.33,3.78,9.75
2025-04-28,0.42,0.57,0.86,1.31,2.39,3.82,9.79
2025-04-29,0.44,0.59,0.87,1.33,2.39,3.85,9.76
2025-04-30,0.46,0.61,0.9,1.37,2.54,4.11,10.0
2025-05-01,0.46,0.61,0.91,1.38,2.4,3.95,9.76
2025-05-02,0.44,0.59,0.88,1.34,2.23,3.77,9.56
2025-05-05,0.43,0.58,0.87,1.33,2.23,3.77,9.5
2025-05-06,0.43,0.59,0.87,1.33,2.3,3.81,9.56
2025-05-07,0.43,0.58,0.87,1.32,2.3,3.83,9.6
2025-05-08,0.41,0.56,0.84,1.29,2.15,3.7,9.34
2025-05-09,0.41,0.56,0.84,1.29,2.18,3.71,9.33
2025-05-12,0.39,0.52,0.8,1.22,1.85,3.29,8.79
2025-05-13,0.37,0.5,0.78,1.19,1.79,3.22,8.74
2025-05-14,0.37,0.5,0.77,1.18,1.82,3.23,8.65
2025-05-15,0.37,0.5,0.78,1.19,1.91,3.33,8.79
2025-05-16,0.37,0.5,0.77,1.17,1.87,3.3,8.79
2025-05-19,0.36,0.49,0.76,1.16,1.9,3.36,8.86
2025-05-20,0.36,0.48,0.75,1.15,1.89,3.34,8.84
2025-05-21,0.36,0.49,0.75,1.15,1.93,3.41,8.92
2025-05-22,0.36,0.49,0.76,1.16,1.99,3.47,9.02
2025-05-23,0.37,0.5,0.77,1.18,2.05,3.57,9.14
2025-05-26,0.37,0.5,0.77,1.18,2.05,3.57,9.14
2025-05-27,0.36,0.49,0.75,1.15,1.91,3.39,8.92
2025-05-28,0.36,0.48,0.75,1.14,1.9,3.42,8.84
2025-05-29,0.36,0.48,0.75,1.14,1.91,3.39,8.84
2025-05-30,0.37,0.49,0.76,1.15,1.97,3.49,8.96
2025-05-31,0.34,0.5,0.77,1.16,1.97,3.51,9.13
2025-06-02,0.33,0.49,0.76,1.15,1.92,3.4,9.22
2025-06-03,0.32,0.48,0.74,1.12,1.84,3.33,9.16
2025-06-04,0.33,0.48,0.74,1.12,1.87,3.37,9.3
2025-06-05,0.34,0.49,0.75,1.12,1.81,3.31,9.29
2025-06-06,0.33,0.48,0.73,1.1,1.75,3.2,9.15
2025-06-09,0.33,0.47,0.72,1.09,1.75,3.24,9.23
2025-06-10,0.33,0.48,0.73,1.09,1.74,3.24,9.3
2025-06-11,0.33,0.48,0.73,1.09,1.76,3.24,9.26
2025-06-12,0.34,0.49,0.73,1.1,1.82,3.29,9.23
2025-06-13,0.35,0.49,0.74,1.1,1.82,3.29,9.27
2025-06-16,0.33,0.48,0.73,1.08,1.78,3.21,9.04
2025-06-17,0.34,0.49,0.74,1.1,1.86,3.28,9.11
2025-06-18,0.35,0.5,0.74,1.1,1.84,3.25,9.14
2025-06-19,0.35,0.5,0.74,1.1,1.84,3.25,9.14
2025-06-20,0.34,0.5,0.74,1.1,1.82,3.21,9.14
2025-06-23,0.36,0.5,0.75,1.12,1.82,3.2,9.05
2025-06-24,0.35,0.49,0.74,1.1,1.76,3.14,8.95
2025-06-25,0.36,0.5,0.74,1.11,1.76,3.11,8.92
2025-06-26,0.37,0.5,0.74,1.11,1.75,3.1,8.95
2025-06-27,0.36,0.5,0.74,1.1,1.73,3.11,8.88
2025-06-30,0.35,0.49,0.73,1.08,1.71,3.05,8.86
2025-07-01,0.33,0.48,0.71,1.06,1.67,3.0,8.76
2025-07-02,0.32,0.46,0.69,1.03,1.66,2.95,8.71
2025-07-03,0.31,0.45,0.67,1.01,1.6,2.85,8.61
2025-07-04,0.31,0.45,0.67,1.01,1.6,2.85,8.61
2025-07-07,0.31,0.45,0.68,1.02,1.66,2.92,8.59
2025-07-08,0.31,0.46,0.69,1.02,1.72,2.99,8.6
2025-07-09,0.33,0.47,0.7,1.04,1.75,3.0,8.57
2025-07-10,0.33,0.47,0.7,1.03,1.74,2.98,8.53
2025-07-11,0.33,0.47,0.69,1.03,1.77,3.04,8.57
2025-07-14,0.33,0.47,0.69,1.03,1.76,3.03,8.54
2025-07-15,0.32,0.46,0.68,1.01,1.75,3.04,8.51
2025-07-16,0.32,0.45,0.67,1.02,1.79,3.1,8.57
2025-07-17,0.32,0.44,0.66,1.01,1.72,2.99,8.52
2025-07-18,0.31,0.44,0.66,1.01,1.73,3.0,8.54
2025-07-21,0.31,0.44,0.66,1.01,1.71,2.96,8.44
2025-07-22,0.32,0.45,0.67,1.02,1.72,2.97,8.42
2025-07-23,0.31,0.44,0.66,1.0,1.66,2.89,8.34
2025-07-24,0.31,0.44,0.65,0.99,1.64,2.91,8.31
2025-07-25,0.31,0.43,0.64,0.99,1.67,2.92,8.34
2025-07-28,0.31,0.43,0.64,0.98,1.64,2.9,8.27
2025-07-29,0.32,0.44,0.65,1.0,1.69,2.95,8.35
2025-07-30,0.32,0.44,0.65,0.99,1.71,2.98,8.39
2025-07-31,0.31,0.44,0.65,0.99,1.74,2.98,8.24
2025-08-01,0.34,0.47,0.68,1.04,1.97,3.27,8.67
2025-08-04,0.33,0.47,0.69,1.04,1.88,3.15,8.47
2025-08-05,0.33,0.47,0.68,1.03,1.84,3.13,8.44
2025-08-06,0.32,0.46,0.67,1.02,1.85,3.1,8.39
2025-08-07,0.31,0.45,0.67,1.01,1.82,3.08,8.35
2025-08-08,0.31,0.45,0.67,1.01,1.81,3.08,8.29
2025-08-11,0.32,0.46,0.67,1.01,1.81,3.09,8.35
2025-08-12,0.3,0.44,0.65,1.0,1.8,3.09,8.27
2025-08-13,0.3,0.43,0.64,0.98,1.78,3.06,8.16
2025-08-14,0.29,0.42,0.63,0.97,1.78,3.07,8.11
2025-08-15,0.27,0.42,0.62,0.96,1.76,3.05,8.12
2025-08-18,0.28,0.41,0.62,0.96,1.76,3.04,8.16
2025-08-19,0.29,0.42,0.63,0.97,1.78,3.06,8.17
2025-08-20,0.3,0.43,0.64,0.98,1.81,3.1,8.24
2025-08-21,0.29,0.43,0.64,0.98,1.81,3.12,8.26
2025-08-22,0.29,0.43,0.64,0.97,1.76,3.04,8.17
2025-08-25,0.28,0.42,0.63,0.96,1.69,2.93,8.09
2025-08-26,0.29,0.43,0.64,0.98,1.72,2.89,7.89
2025-08-27,0.29,0.44,0.65,0.99,1.74,2.86,7.85
2025-08-28,0.3,0.44,0.65,0.99,1.72,2.81,7.83
2025-08-29,0.31,0.45,0.67,1.01,1.77,2.91,7.88
2025-08-31,0.33,0.45,0.68,1.02,1.79,2.98,7.98
2025-09-01,0.33,0.45,0.68,1.02,1.79,2.98,7.98
2025-09-02,0.33,0.46,0.68,1.03,1.86,3.07,8.14
2025-09-03,0.32,0.45,0.67,1.02,1.82,3.02,8.06
2025-09-04,0.31,0.44,0.66,1.0,1.78,2.98,8.05
2025-09-05,0.31,0.44,0.66,1.0,1.79,2.95,8.03
2025-09-08,0.32,0.45,0.66,1.01,1.79,2.97,8.01
2025-09-09,0.32,0.45,0.66,1.01,1.82,3.01,8.05
2025-09-10,0.31,0.45,0.65,1.0,1.79,2.98,8.0
2025-09-11,0.31,0.44,0.64,0.98,1.74,2.91,7.92
2025-09-12,0.3,0.43,0.63,0.97,1.75,2.93,7.97
2025-09-15,0.29,0.42,0.62,0.95,1.72,2.85,7.94
2025-09-16,0.3,0.43,0.63,0.96,1.75,2.9,8.07
2025-09-17,0.31,0.43,0.63,0.96,1.74,2.88,8.08
2025-09-18,0.29,0.42,0.62,0.94,1.68,2.82,7.95
2025-09-19,0.29,0.41,0.61,0.93,1.68,2.82,7.97
2025-09-22,0.29,0.41,0.61,0.93,1.66,2.78,7.9
2025-09-23,0.3,0.42,0.62,0.94,1.69,2.79,7.93
2025-09-24,0.31,0.43,0.63,0.95,1.69,2.76,7.94
2025-09-25,0.32,0.44,0.63,0.96,1.72,2.86,8.03
2025-09-26,0.31,0.43,0.62,0.95,1.72,2.84,8.01
2025-09-29,0.31,0.42,0.62,0.94,1.71,2.82,7.98
2025-09-30,0.31,0.43,0.63,0.97,1.77,2.83,8.07
2025-10-01,0.31,0.43,0.63,0.97,1.8,2.82,8.1
2025-10-02,0.3,0.43,0.62,0.96,1.79,2.83,8.12
2025-10-03,0.3,0.42,0.61,0.95,1.76,2.84,8.11
2025-10-06,0.29,0.42,0.61,0.94,1.73,2.8,8.04
2025-10-07,0.3,0.43,0.62,0.95,1.78,2.87,8.12
2025-10-08,0.3,0.43,0.62,0.95,1.79,2.89,8.19
2025-10-09,0.32,0.44,0.63,0.98,1.87,3.02,8.38
2025-10-10,0.34,0.47,0.66,1.02,2.07,3.28,8.74
2025-10-13,0.34,0.47,0.66,1.02,2.07,3.28,8.74
2025-10-14,0.34,0.47,0.66,1.02,2.01,3.2,8.63
2025-10-15,0.32,0.45,0.64,0.99,1.86,3.02,8.47
2025-10-16,0.33,0.46,0.65,1.01,1.95,3.11,8.56
2025-10-17,0.32,0.46,0.65,1.01,1.95,3.12,8.57
2025-10-20,0.31,0.45,0.64,1.0,1.9,3.07,8.48
2025-10-21,0.32,0.45,0.65,1.01,1.88,3.06,8.47
2025-10-22,0.33,0.46,0.66,1.02,1.91,3.1,8.54
2025-10-23,0.31,0.45,0.64,1.0,1.85,3.06,8.53
2025-10-24,0.31,0.44,0.63,0.98,1.78,2.96,8.43
2025-10-27,0.3,0.43,0.62,0.97,1.71,2.89,8.27
2025-10-28,0.3,0.43,0.62,0.97,1.73,2.91,8.29
2025-10-29,0.3,0.43,0.61,0.96,1.68,2.84,8.22
2025-10-30,0.33,0.45,0.63,0.98,1.76,2.93,8.33
2025-10-31,0.35,0.47,0.66,1.02,1.79,3.07,8.65
2025-11-03,0.38,0.49,0.68,1.04,1.87,3.16,8.85
2025-11-04,0.38,0.49,0.68,1.04,1.95,3.26,8.97
2025-11-05,0.36,0.47,0.66,1.02,1.87,3.19,8.85
2025-11-06,0.36,0.48,0.67,1.04,1.95,3.28,8.9
2025-11-07,0.37,0.49,0.69,1.06,1.96,3.32,8.98
2025-11-10,0.36,0.48,0.68,1.05,1.83,3.16,8.88
2025-11-11,0.36,0.48,0.68,1.05,1.83,3.16,8.88
2025-11-12,0.36,0.49,0.68,1.05,1.82,3.15,8.95
2025-11-13,0.36,0.49,0.69,1.06,1.89,3.23,9.07
2025-11-14,0.36,0.48,0.68,1.06,1.85,3.25,9.02
2025-11-17,0.36,0.49,0.69,1.06,1.9,3.32,9.08
2025-11-18,0.37,0.49,0.69,1.07,1.95,3.4,9.22
2025-11-19,0.36,0.49,0.69,1.07,1.93,3.36,9.19
2025-11-20,0.37,0.5,0.7,1.08,1.95,3.34,9.2
2025-11-21,0.37,0.5,0.7,1.09,1.97,3.37,9.2
2025-11-24,0.36,0.5,0.69,1.08,1.92,3.3,9.19
2025-11-25,0.35,0.49,0.68,1.07,1.89,3.25,9.16
2025-11-26,0.34,0.48,0.67,1.05,1.79,3.12,9.14
2025-11-27,0.34,0.48,0.67,1.05,1.79,3.12,9.14
2025-11-28,0.33,0.47,0.66,1.04,1.73,3.06,9.17
2025-11-30,0.34,0.49,0.67,1.05,1.76,3.05,8.94
2025-12-01,0.33,0.49,0.67,1.04,1.78,3.07,8.97
2025-12-02,0.33,0.48,0.66,1.03,1.77,3.05,8.97
2025-12-03,0.33,0.48,0.66,1.03,1.75,3.01,8.79
2025-12-04,0.33,0.48,0.65,1.02,1.76,2.98,8.78
2025-12-05,0.33,0.47,0.64,1.01,1.73,2.95,8.68
2025-12-08,0.32,0.47,0.64,1.0,1.76,3.0,8.71
2025-12-09,0.33,0.47,0.64,1.0,1.77,3.0,8.76
2025-12-10,0.32,0.47,0.64,1.0,1.79,3.0,8.83
2025-12-11,0.33,0.47,0.64,1.0,1.76,2.97,8.77
2025-12-12,0.34,0.48,0.65,1.01,1.79,3.02,8.76
2025-12-15,0.35,0.49,0.65,1.02,1.78,3.04,8.79
2025-12-16,0.36,0.49,0.66,1.03,1.85,3.11,8.87
2025-12-17,0.36,0.49,0.66,1.03,1.85,3.11,8.92
2025-12-18,0.35,0.49,0.66,1.03,1.81,3.07,8.91
2025-12-19,0.35,0.49,0.66,1.02,1.77,3.02,8.84
2025-12-22,0.35,0.49,0.65,1.02,1.74,3.02,8.8
2025-12-23,0.35,0.48,0.65,1.01,1.7,2.94,8.73
2025-12-24,0.35,0.48,0.64,1.0,1.72,2.96,8.75
2025-12-26,0.35,0.48,0.64,1.0,1.73,2.97,8.8
2025-12-29,0.35,0.48,0.64,1.0,1.74,3.0,8.78
2025-12-30,0.35,0.48,0.65,1.01,1.71,2.98,8.73
2025-12-31,0.34,0.49,0.65,1.01,1.69,3.01,8.85
2026-01-02,0.35,0.49,0.65,1.01,1.71,3.02,8.88
2026-01-05,0.35,0.49,0.65,1.01,1.69,3.01,8.83
2026-01-06,0.34,0.48,0.64,1.0,1.68,2.98,8.74
2026-01-07,0.35,0.49,0.65,1.01,1.7,2.97,8.7
2026-01-08,0.34,0.49,0.65,1.01,1.67,2.95,8.68
2026-01-09,0.34,0.48,0.64,0.99,1.65,2.93,8.65
2026-01-12,0.34,0.48,0.64,0.99,1.65,2.92,8.64
2026-01-13,0.34,0.48,0.63,0.98,1.66,2.93,8.64
2026-01-14,0.35,0.48,0.63,0.98,1.67,2.96,8.63
2026-01-15,0.34,0.47,0.62,0.97,1.62,2.9,8.56
2026-01-16,0.34,0.46,0.62,0.96,1.58,2.81,8.52
2026-01-19,0.34,0.46,0.61,0.96,1.58,2.81,8.51
2026-01-20,0.33,0.46,0.62,0.96,1.65,2.9,8.64
2026-01-21,0.33,0.45,0.6,0.95,1.62,2.85,8.55
2026-01-22,0.32,0.44,0.59,0.93,1.57,2.81,8.43
2026-01-23,0.32,0.45,0.6,0.94,1.61,2.85,8.49
2026-01-26,0.33,0.46,0.6,0.94,1.62,2.86,8.52
2026-01-27,0.32,0.45,0.6,0.94,1.64,2.91,8.46
2026-01-28,0.31,0.45,0.59,0.93,1.65,2.94,8.38
2026-01-29,0.33,0.45,0.6,0.94,1.68,2.99,8.54
2026-01-30,0.33,0.45,0.6,0.94,1.71,3.06,8.55
2026-01-31,0.33,0.46,0.61,0.95,1.74,3.14,8.74
2026-02-02,0.33,0.45,0.6,0.93,1.67,3.06,8.68
2026-02-03,0.33,0.45,0.6,0.94,1.72,3.09,8.74
2026-02-04,0.34,0.46,0.61,0.95,1.71,3.11,8.8
2026-02-05,0.35,0.47,0.62,0.96,1.8,3.23,9.0
2026-02-06,0.35,0.48,0.62,0.96,1.71,3.12,8.92
2026-02-09,0.35,0.48,0.62,0.96,1.68,3.1,8.87
2026-02-10,0.37,0.49,0.63,0.98,1.69,3.13,8.92
2026-02-11,0.36,0.48,0.63,0.98,1.68,3.09,8.85
2026-02-12,0.37,0.49,0.63,0.99,1.75,3.19,8.97
2026-02-13,0.37,0.5,0.65,1.0,1.78,3.23,9.06
2026-02-16,0.37,0.5,0.65,1.0,1.77,3.21,8.96
2026-02-17,0.38,0.5,0.65,1.01,1.77,3.22,9.0
2026-02-18,0.36,0.49,0.64,0.99,1.71,3.12,8.87
2026-02-19,0.37,0.49,0.64,0.99,1.72,3.14,8.88
2026-02-20,0.36,0.48,0.63,0.99,1.7,3.12,8.87
2026-02-23,0.38,0.5,0.65,1.01,1.78,3.23,9.04
2026-02-24,0.38,0.51,0.66,1.02,1.78,3.23,9.15
2026-02-25,0.38,0.5,0.66,1.01,1.75,3.2,9.18
2026-02-26,0.39,0.51,0.68,1.03,1.79,3.23,9.27
2026-02-27,0.41,0.54,0.71,1.07,1.89,3.38,9.5
2026-02-28,0.43,0.55,0.71,1.08,1.91,3.45,9.52
2026-03-02,0.42,0.53,0.7,1.06,1.82,3.36,9.45
2026-03-03,0.4,0.53,0.69,1.06,1.86,3.44,9.57
2026-03-04,0.38,0.51,0.67,1.03,1.76,3.27,9.42
2026-03-05,0.39,0.51,0.68,1.04,1.8,3.31,9.44
2026-03-06,0.4,0.53,0.69,1.06,1.91,3.45,9.59
2026-03-09,0.4,0.53,0.7,1.07,1.96,3.52,9.69
2026-03-10,0.41,0.54,0.69,1.06,1.87,3.37,9.45
2026-03-11,0.42,0.56,0.73,1.09,1.9,3.39,9.45
2026-03-12,0.45,0.58,0.76,1.12,1.97,3.49,9.61
2026-03-13,0.45,0.6,0.78,1.15,2.06,3.6,9.78
2026-03-16,0.45,0.6,0.79,1.16,2.06,3.58,9.73
2026-03-17,0.43,0.58,0.77,1.14,2.02,3.52,9.63
2026-03-18,0.41,0.57,0.76,1.13,2.0,3.51,9.64
2026-03-19,0.41,0.56,0.75,1.13,2.04,3.61,9.76
2026-03-20,0.41,0.55,0.73,1.11,2.0,3.57,9.79
2026-03-23,0.39,0.54,0.73,1.11,1.97,3.5,9.75
2026-03-24,0.38,0.54,0.72,1.09,1.96,3.5,9.77
2026-03-25,0.38,0.54,0.72,1.09,1.95,3.46,9.74
2026-03-26,0.4,0.55,0.73,1.11,1.99,3.51,9.84
2026-03-27,0.42,0.57,0.76,1.14,2.18,3.73,10.13
2026-03-30,0.43,0.58,0.77,1.16,2.22,3.77,10.2
2026-03-31,0.4,0.56,0.75,1.13,2.08,3.61,9.94
2026-04-01,0.38,0.54,0.73,1.1,1.97,3.46,9.81
2026-04-02,0.37,0.53,0.71,1.09,1.98,3.47,9.88
2026-04-03,0.37,0.53,0.72,1.09,1.94,3.42,9.89
2026-04-06,0.35,0.52,0.7,1.07,1.86,3.34,9.76
2026-04-07,0.37,0.53,0.71,1.08,1.92,3.41,9.83
2026-04-08,0.35,0.51,0.69,1.05,1.78,3.2,9.53
2026-04-09,0.35,0.51,0.68,1.05,1.75,3.16,9.46
2026-04-10,0.35,0.5,0.68,1.04,1.77,3.2,9.54
2026-04-13,0.34,0.5,0.68,1.04,1.79,3.19,9.58
2026-04-14,0.33,0.49,0.67,1.02,1.72,3.06,9.31
2026-04-15,0.33,0.49,0.66,1.01,1.73,3.07,9.24
2026-04-16,0.33,0.49,0.67,1.01,1.75,3.08,9.21
2026-04-17,0.33,0.49,0.67,1.01,1.74,3.03,9.12
2026-04-20,0.34,0.5,0.67,1.01,1.77,3.07,9.15
2026-04-21,0.34,0.5,0.67,1.0,1.74,3.07,9.13
2026-04-22,0.33,0.49,0.66,0.99,1.73,3.05,9.13
2026-04-23,0.35,0.49,0.66,1.0,1.74,3.09,9.15
2026-04-24,0.36,0.5,0.67,1.0,1.75,3.09,9.18
2026-04-27,0.36,0.51,0.67,1.01,1.74,3.05,9.08
2026-04-28,0.37,0.51,0.68,1.02,1.75,3.06,9.11
2026-04-29,0.36,0.51,0.67,1.01,1.72,3.05,9.09
2026-04-30,0.37,0.52,0.68,1.02,1.74,3.11,9.09
2026-05-01,0.37,0.52,0.67,1.01,1.69,3.05,9.04
2026-05-04,0.37,0.51,0.67,1.01,1.7,3.05,9.1
2026-05-05,0.36,0.5,0.65,0.99,1.69,3.04,9.11
2026-05-06,0.37,0.5,0.65,0.99,1.68,3.01,9.07
2026-05-07,0.38,0.51,0.66,0.99,1.71,3.05,9.15
2026-05-08,0.38,0.51,0.66,0.99,1.73,3.07,9.2
2026-05-11,0.37,0.51,0.65,0.98,1.69,3.04,9.31
2026-05-12,0.36,0.5,0.64,0.97,1.72,3.09,9.37
2026-05-13,0.35,0.49,0.63,0.96,1.71,3.1,9.31
2026-05-14,0.35,0.48,0.63,0.95,1.66,3.04,9.22
2026-05-15,0.33,0.47,0.62,0.94,1.68,3.08,9.35
2026-05-18,0.33,0.47,0.62,0.94,1.7,3.11,9.42
2026-05-19,0.34,0.48,0.63,0.95,1.72,3.16,9.48
2026-05-20,0.33,0.48,0.63,0.95,1.68,3.08,9.4
2026-05-21,0.33,0.47,0.62,0.94,1.66,3.05,9.39
2026-05-22,0.32,0.46,0.61,0.93,1.62,3.01,9.39
2026-05-25,0.32,0.46,0.61,0.93,1.62,3.01,9.39
2026-05-26,0.33,0.46,0.61,0.93,1.6,2.98,9.35
2026-05-27,0.33,0.46,0.61,0.93,1.61,2.95,9.36
2026-05-28,0.33,0.46,0.61,0.93,1.61,2.96,9.35
2026-05-29,0.32,0.45,0.61,0.92,1.61,2.97,9.38
2026-05-31,0.32,0.47,0.62,0.93,1.64,2.99,9.41
2026-06-01,0.32,0.47,0.61,0.92,1.62,2.95,9.46
2026-06-02,0.32,0.48,0.62,0.92,1.61,2.92,9.44
2026-06-03,0.32,0.48,0.62,0.93,1.65,2.99,9.47
2026-06-04,0.32,0.48,0.62,0.93,1.65,2.98,9.46
2026-06-05,0.33,0.48,0.63,0.93,1.65,3.01,9.52
2026-06-08,0.33,0.49,0.63,0.93,1.65,2.99,9.49
2026-06-09,0.33,0.49,0.63,0.93,1.68,3.02,9.51
2026-06-10,0.34,0.49,0.63,0.94,1.7,3.03,9.57
2026-06-11,0.34,0.49,0.63,0.94,1.69,2.99,9.56
2026-06-12,0.33,0.48,0.62,0.93,1.62,2.91,9.48
2026-06-15,0.34,0.48,0.61,0.92,1.59,2.84,9.37
2026-06-16,0.35,0.5,0.63,0.93,1.64,2.89,9.44
2026-06-17,0.36,0.5,0.62,0.92,1.56,2.82,9.39
2026-06-18,0.36,0.5,0.62,0.93,1.58,2.83,9.46
2026-06-19,0.36,0.5,0.62,0.93,1.58,2.83,9.47
2026-06-22,0.36,0.5,0.62,0.93,1.56,2.83,9.47
2026-06-23,0.36,0.5,0.62,0.93,1.61,2.89,9.56
2026-06-24,0.37,0.51,0.63,0.94,1.66,2.95,9.64
2026-06-25,0.38,0.52,0.63,0.95,1.67,2.97,9.68
2026-06-26,0.39,0.53,0.64,0.96,1.73,3.04,9.73
2026-06-29,0.38,0.52,0.64,0.95,1.69,3.0,9.67
2026-06-30,0.38,0.52,0.63,0.95,1.64,2.99,9.7
2026-07-01,0.37,0.52,0.63,0.94,1.63,2.97,9.68
2026-07-02,0.37,0.51,0.63,0.94,1.64,2.96,9.71
2026-07-03,0.37,0.51,0.63,0.94,1.64,2.96,9.69
2026-07-06,0.37,0.51,0.62,0.94,1.62,2.92,9.67
2026-07-07,0.39,0.53,0.63,0.94,1.57,2.87,9.64
2026-07-08,0.38,0.53,0.63,0.94,1.6,2.9,9.75
2026-07-09,0.39,0.54,0.63,0.94,1.59,2.89,9.74
2026-07-10,0.4,0.55,0.64,0.96,1.59,2.87,9.7
2026-07-13,0.41,0.56,0.65,0.96,1.58,2.87,9.72
