Stock,Ann. mean %,Ann. vol %,Beta,R2,Beta SE,Alpha ann %
SPY,12.843,17.103,"[ 2.69172995e-35  0.00000000e+00  1.07669198e-34 ... -1.68233122e-36
  0.00000000e+00  0.00000000e+00]","[4.56709217e-37            nan 4.56709217e-37 ... 4.56709217e-37
            nan            nan]","[6.48695556e-19            nan 2.59478223e-18 ... 4.05434723e-20
            nan            nan]","[  66.61558484   17.73430428  106.16258259 ...    1.67805753 -266.67338957
 -289.22273388]"
AAPL,24.495,27.876,"[-2.69172995e-35 -2.15338396e-34 -1.34586497e-35 ...  0.00000000e+00
 -1.07669198e-34 -1.29203037e-33]","[4.56709217e-37 4.56709217e-37 4.56709217e-37 ...            nan
 4.56709217e-37 7.30734747e-36]","[6.48695556e-19 5.18956445e-18 3.24347778e-19 ...            nan
 2.59478223e-18 7.78434668e-18]","[  43.52428332 -404.06394534  -46.62819628 ...   79.89766243 -335.92807164
 -336.473873  ]"
GS,9.749,28.641,"[ 2.15338396e-34  0.00000000e+00  2.15338396e-34 ...  5.38345989e-35
  1.07669198e-34 -1.07669198e-34]","[4.56709217e-37            nan 4.56709217e-37 ... 4.56709217e-37
 4.56709217e-37 4.56709217e-37]","[5.18956445e-18            nan 5.18956445e-18 ... 1.29739111e-18
 2.59478223e-18 2.59478223e-18]","[ 441.63209787 -270.40521949  488.35673331 ...  -67.54329768 -219.90638972
 -115.29249265]"
