Date,SPY,AAPL,JPM
2021-07-01,402.2930908203125,133.80421447753906,138.43507385253906
2021-07-02,405.3680114746094,136.42625427246094,138.30210876464844
2021-07-06,404.6296691894531,138.4342803955078,135.97979736328125
2021-07-07,406.0596923828125,140.91989135742188,136.13934326171875
2021-07-08,402.75103759765625,139.62351989746094,133.79043579101562
2021-07-09,407.0503845214844,141.44627380371094,138.0716552734375
2021-07-12,408.5083923339844,140.8516387939453,140.04830932617188
2021-07-13,407.11578369140625,141.9628448486328,137.96530151367188
2021-07-14,407.7232360839844,145.38421630859375,137.4954833984375
2021-07-15,406.3307189941406,144.73117065429688,137.796875
2021-07-16,403.14361572265625,142.6939239501953,134.65025329589844
2021-07-19,397.1900329589844,138.85342407226562,130.271484375
2021-07-20,402.8819580078125,142.4600067138672,132.7001953125
2021-07-21,406.143798828125,141.72891235351562,135.4922637939453
2021-07-22,406.9942932128906,143.0935821533203,133.7815399169922
2021-07-23,411.18145751953125,144.80914306640625,133.52450561523438
2021-07-26,412.1908264160156,145.2283172607422,134.4197540283203
2021-07-27,410.312255859375,143.06434631347656,134.2424774169922
2021-07-28,410.1440124511719,141.31951904296875,134.4640655517578
2021-07-29,411.844970703125,141.9628448486328,135.61639404296875
2021-07-30,409.84490966796875,142.1773223876953,134.5349578857422
2021-08-02,408.98504638671875,141.84591674804688,133.99429321289062
2021-08-03,412.3123779296875,143.63943481445312,135.5188751220703
2021-08-04,410.2842102050781,143.2398223876953,134.0563201904297
2021-08-05,412.88250732421875,143.34703063964844,135.7493133544922
2021-08-06,413.5647888183594,142.6636505126953,139.60507202148438
2021-08-09,413.22821044921875,142.6148681640625,139.4543914794922
2021-08-10,413.7422790527344,142.1365203857422,141.16514587402344
2021-08-11,414.7703857421875,142.39035034179688,142.84925842285156
2021-08-12,416.01348876953125,145.34825134277344,143.40769958496094
2021-08-13,416.77056884765625,145.55325317382812,141.80331420898438
2021-08-16,417.7518615722656,147.5251922607422,140.87261962890625
2021-08-17,415.0134582519531,146.61734008789062,139.1707763671875
2021-08-18,410.4710998535156,142.87840270996094,137.9032440185547
2021-08-19,411.106689453125,143.21034240722656,136.75096130371094
2021-08-20,414.3778381347656,144.66488647460938,137.14097595214844
2021-08-23,418.0229797363281,146.1487579345703,138.89599609375
2021-08-24,418.68646240234375,146.06088256835938,139.7558135986328
2021-08-25,419.5650939941406,144.8308868408203,142.63650512695312
2021-08-26,417.08831787109375,144.03033447265625,143.3721923828125
2021-08-27,420.8175354003906,145.06515502929688,144.5244903564453
2021-08-30,422.66815185546875,149.47763061523438,142.21104431152344
2021-08-31,422.0419006347656,148.21835327148438,141.7767333984375
2021-09-01,422.26617431640625,148.8821258544922,141.57284545898438
2021-09-02,423.5653076171875,149.9949951171875,142.22877502441406
2021-09-03,423.4624938964844,150.62953186035156,141.3690185546875
2021-09-07,421.9484558105469,152.96270751953125,141.120849609375
2021-09-08,421.43438720703125,151.42031860351562,140.49148559570312
2021-09-09,419.63055419921875,150.40505981445312,141.1030731201172
2021-09-10,416.3218994140625,145.4263458251953,139.48098754882812
2021-09-13,417.3873596191406,145.9925537109375,141.69699096679688
2021-09-14,415.1349182128906,144.59658813476562,139.22393798828125
2021-09-15,418.6023864746094,145.4849395751953,140.19012451171875
2021-09-16,417.93878173828125,145.25062561035156,140.12803649902344
2021-09-17,413.86773681640625,142.58554077148438,139.7646484375
2021-09-20,406.96673583984375,139.53981018066406,135.5809326171875
2021-09-21,406.5823059082031,140.0181427001953,135.59866333007812
2021-09-22,410.5484619140625,142.38058471679688,138.1957550048828
2021-09-23,415.5366516113281,143.33726501464844,142.866943359375
2021-09-24,416.22113037109375,143.42510986328125,144.5156707763672
2021-09-27,415.0303955078125,141.91197204589844,148.00799560546875
2021-09-28,406.6667175292969,138.5343017578125,147.2102508544922
2021-09-29,407.3511962890625,139.43238830566406,147.09503173828125
2021-09-30,402.3724060058594,138.13406372070312,145.091796875
2021-10-01,407.1542663574219,139.2567138671875,148.14097595214844
2021-10-04,401.903564453125,135.83016967773438,147.98143005371094
2021-10-05,406.0853576660156,137.7532958984375,150.39797973632812
2021-10-06,407.773193359375,138.62217712402344,150.71900939941406
2021-10-07,411.2986145019531,139.8814697265625,151.67311096191406
2021-10-08,410.5484619140625,139.50071716308594,151.78904724121094
2021-10-11,407.57623291015625,139.41287231445312,148.59671020507812
2021-10-12,406.5729675292969,138.143798828125,147.45529174804688
2021-10-13,408.0356750488281,137.55809020996094,143.5673370361328
2021-10-14,414.8990478515625,140.34024047851562,145.7699432373047
2021-10-15,418.0588073730469,141.39459228515625,148.56991577148438
2021-10-18,419.2965087890625,143.06394958496094,148.5164337158203
2021-10-19,422.5312805175781,145.2213592529297,150.3177032470703
2021-10-20,424.19097900390625,145.7094268798828,152.34193420410156
2021-10-21,425.2973327636719,145.9242401123047,151.14700317382812
2021-10-22,424.856689453125,145.1529998779297,153.1801300048828
2021-10-25,427.1351013183594,145.10421752929688,152.4310760498047
2021-10-26,427.51953125,145.76806640625,152.84129333496094
2021-10-27,425.62542724609375,145.30921936035156,149.6577911376953
2021-10-28,429.7322082519531,148.94073486328125,151.91387939453125
2021-10-29,430.6042785644531,146.2366180419922,151.4947967529297
2021-11-01,431.344970703125,145.4165802001953,151.41452026367188
2021-11-02,433.0889587402344,146.4513702392578,152.01199340820312
2021-11-03,435.7330322265625,147.88644409179688,152.06546020507812
2021-11-04,437.7864685058594,147.3690185546875,150.06800842285156
2021-11-05,439.3054504394531,147.89691162109375,149.85400390625
2021-11-08,439.6805114746094,147.07571411132812,150.75466918945312
2021-11-09,438.22711181640625,147.43746948242188,149.61326599121094
2021-11-10,434.70172119140625,144.61207580566406,149.47061157226562
2021-11-11,434.8423767089844,144.56317138671875,149.461669921875
2021-11-12,438.1239929199219,146.6357879638672,148.79283142089844
2021-11-15,438.2740783691406,146.64556884765625,148.5253448486328
2021-11-16,440.0086364746094,147.6232147216797,147.45529174804688
2021-11-17,438.9397888183594,150.0575408935547,146.6616668701172
2021-11-18,440.43060302734375,154.33956909179688,145.3954315185547
2021-11-19,439.6429748535156,156.95960998535156,143.49603271484375
2021-11-22,438.4052429199219,157.4191131591797,146.55465698242188
2021-11-23,438.9866638183594,157.8004150390625,150.0591278076172
2021-11-24,440.15869140625,158.31857299804688,148.88201904296875
2021-11-26,430.3417663574219,153.3032684326172,144.39666748046875
2021-11-29,435.62060546875,156.65658569335938,143.77247619628906
2021-11-30,427.1444091796875,161.60340881347656,141.63232421875
2021-12-01,422.4000549316406,161.08523559570312,140.7941131591797
2021-12-02,428.86968994140625,160.0978240966797,143.75466918945312
2021-12-03,425.1379089355469,158.22080993652344,141.15078735351562
2021-12-06,430.1730041503906,161.62295532226562,142.81829833984375
2021-12-07,439.0710144042969,167.3518829345703,144.96742248535156
2021-12-08,440.23370361328125,171.1647186279297,143.30877685546875
2021-12-09,437.2614440917969,170.6563262939453,143.0858612060547
2021-12-10,441.3775939941406,175.43698120117188,142.51513671875
2021-12-13,437.4676818847656,171.80992126464844,140.8208465576172
2021-12-14,434.4578857421875,170.4314727783203,141.8998565673828
2021-12-15,441.2463073730469,175.29031372070312,140.8387451171875
2021-12-16,437.35516357421875,168.40774536132812,143.041259765625
2021-12-17,432.700439453125,167.31283569335938,139.7864532470703
2021-12-20,428.0993957519531,165.9539031982422,137.2718048095703
2021-12-21,435.7020263671875,169.12139892578125,139.1890106201172
2021-12-22,440.0584716796875,171.71214294433594,139.7329864501953
2021-12-23,442.7965087890625,172.33786010742188,140.2323455810547
2021-12-27,449.0630798339844,176.29727172851562,141.03488159179688
2021-12-28,448.6960754394531,175.28054809570312,141.46287536621094
2021-12-29,449.2700500488281,175.3685302734375,141.3915252685547
2021-12-30,448.0279846191406,174.21495056152344,141.32020568847656
2021-12-31,446.89892578125,173.59901428222656,141.20433044433594
2022-01-03,449.4864501953125,177.93972778320312,144.19155883789062
2022-01-04,449.33587646484375,175.68138122558594,149.6577911376953
2022-01-05,440.7076416015625,171.00831604003906,146.92178344726562
2022-01-06,440.293701171875,168.153564453125,148.482666015625
2022-01-07,438.5529479980469,168.31976318359375,149.95388793945312
2022-01-10,438.0072326660156,168.33937072753906,150.09742736816406
2022-01-11,441.9967346191406,171.1647186279297,150.24990844726562
2022-01-12,443.1916809082031,171.6046600341797,151.10214233398438
2022-01-13,437.08514404296875,168.33937072753906,150.91375732421875
2022-01-14,437.263916015625,169.19967651367188,141.63804626464844
2022-01-18,429.5201416015625,166.00277709960938,135.699462890625
2022-01-19,425.0602111816406,162.5126190185547,133.60031127929688
2022-01-20,420.3555908203125,160.83106994628906,132.4610595703125
2022-01-21,412.1037902832031,158.7780303955078,130.14662170410156
2022-01-24,413.85382080078125,158.00572204589844,130.0299835205078
2022-01-25,408.8011474609375,156.2068328857422,131.4473876953125
2022-01-26,407.7755126953125,156.1188507080078,132.69427490234375
2022-01-27,405.76190185546875,155.6593780517578,130.3529510498047
2022-01-28,415.8391418457031,166.52093505859375,131.51913452148438
2022-01-31,423.32891845703125,170.87139892578125,133.30430603027344
2022-02-01,426.1892395019531,170.7052459716797,135.59181213378906
2022-02-02,430.3293762207031,171.90769958496094,134.50636291503906
2022-02-03,420.2145080566406,169.03347778320312,133.3939971923828
2022-02-04,422.1904296875,168.7495574951172,136.85670471191406
2022-02-07,420.8354797363281,168.03494262695312,137.31419372558594
2022-02-08,424.29803466796875,171.13809204101562,139.897705078125
2022-02-09,430.50811767578125,172.55743408203125,140.48085021972656
2022-02-10,422.7738037109375,168.48529052734375,139.897705078125
2022-02-11,414.4371643066406,165.0788116455078,138.07669067382812
2022-02-14,413.08233642578125,165.31370544433594,136.7938995361328
2022-02-15,419.7439880371094,169.14112854003906,138.79434204101562
2022-02-16,420.2145080566406,168.9062042236328,139.0455322265625
2022-02-17,411.23809814453125,165.31370544433594,135.84300231933594
2022-02-18,408.5752868652344,163.76707458496094,136.4799041748047
2022-02-22,404.1906433105469,160.8499755859375,136.2376708984375
2022-02-23,397.0207824707031,156.6897430419922,133.38502502441406
2022-02-24,402.9956359863281,159.30337524414062,129.67115783691406
2022-02-25,411.8873291015625,161.36880493164062,132.7391357421875
2022-02-28,410.83349609375,161.63308715820312,127.20423889160156
2022-03-01,404.576416015625,159.75364685058594,122.40492248535156
2022-03-02,412.0190124511719,163.04270935058594,124.9435806274414
2022-03-03,409.96783447265625,162.7196502685547,124.0555191040039
2022-03-04,406.636962890625,159.72427368164062,120.56591796875
2022-03-07,394.6497497558594,155.93603515625,115.91014099121094
2022-03-08,391.65753173828125,154.1152801513672,115.09383392333984
2022-03-09,402.158203125,159.50894165039062,119.70475006103516
2022-03-10,400.34228515625,155.1724853515625,118.28736877441406
2022-03-11,395.2518615722656,151.4625244140625,115.6230697631836
2022-03-14,392.36322021484375,147.43930053710938,116.77133178710938
2022-03-15,400.991455078125,151.81488037109375,118.84354400634766
2022-03-16,409.8831481933594,156.21986389160156,124.15424346923828
2022-03-17,415.01129150390625,157.22813415527344,125.72406005859375
2022-03-18,419.5567626953125,160.51718139648438,125.67920684814453
2022-03-21,419.4340515136719,161.8876190185547,125.27552795410156
2022-03-22,424.342041015625,165.2549591064453,127.9398193359375
2022-03-23,418.8771667480469,166.6156463623047,125.39215087890625
2022-03-24,425.19146728515625,170.3941192626953,126.20849609375
2022-03-25,427.2679138183594,171.03036499023438,127.31185913085938
2022-03-28,430.3070983886719,171.89181518554688,126.36996459960938
2022-03-29,435.6302795410156,175.18084716796875,126.6480484008789
2022-03-30,432.9403991699219,174.01596069335938,126.07391357421875
2022-03-31,426.2769775390625,170.92271423339844,122.28831481933594
2022-04-01,427.4849853515625,170.6290283203125,121.38223266601562
2022-04-04,431.1470642089844,174.67184448242188,121.92049407958984
2022-04-05,425.701171875,171.36317443847656,120.50166320800781
2022-04-06,421.4443054199219,168.20138549804688,118.82978820800781
2022-04-07,423.5679626464844,168.5048370361328,118.46829223632812
2022-04-08,422.4353942871094,166.49813842773438,120.6372299194336
2022-04-11,415.2150573730469,162.2498016357422,120.19441223144531
2022-04-12,413.676513671875,164.1194610595703,118.87499237060547
2022-04-13,418.4146728515625,166.80162048339844,115.04322814941406
2022-04-14,413.2047424316406,161.79949951171875,113.97682189941406
2022-04-18,413.37457275390625,161.5841827392578,116.09153747558594
2022-04-19,420.0475158691406,163.86492919921875,118.49539947509766
2022-04-20,419.736083984375,163.69854736328125,118.91112518310547
2022-04-21,413.4595031738281,162.9056396484375,117.98932647705078
2022-04-22,402.11456298828125,158.37339782714844,114.60039520263672
2022-04-25,404.4457702636719,159.44039916992188,114.5642318725586
2022-04-26,392.73272705078125,153.4888153076172,111.17530822753906
2022-04-27,393.83709716796875,153.263671875,109.72935485839844
2022-04-28,403.78509521484375,160.18435668945312,111.46449279785156
2022-04-29,388.8629150390625,154.3208465576172,107.86770629882812
2022-05-02,391.2037353515625,154.6243133544922,108.85274505615234
2022-05-03,392.9969482421875,156.11224365234375,111.18434143066406
2022-05-04,404.96490478515625,162.51405334472656,114.86246490478516
2022-05-05,390.5712890625,153.45944213867188,111.98865509033203
2022-05-06,388.2400817871094,154.18484497070312,111.80790710449219
2022-05-09,375.8096618652344,149.06756591796875,110.12699890136719
2022-05-10,376.6780700683594,151.4693603515625,107.44294738769531
2022-05-11,370.6939392089844,143.6170196533203,106.7651596069336
2022-05-12,370.3070068359375,139.7545166015625,106.67478942871094
2022-05-13,379.16021728515625,144.21498107910156,107.62370300292969
2022-05-16,377.6217956542969,142.6759033203125,106.87360382080078
2022-05-17,385.3896179199219,146.3031005859375,110.41619110107422
2022-05-18,369.8539733886719,138.0487823486328,108.52741241455078
2022-05-19,367.5887451171875,134.64706420898438,106.9188003540039
2022-05-20,367.7492370605469,134.88230895996094,106.04216766357422
2022-05-23,374.6298522949219,140.29373168945312,112.60316467285156
2022-05-24,371.77001953125,137.59783935546875,114.19371032714844
2022-05-25,375.0545959472656,137.7547149658203,114.9889907836914
2022-05-26,382.5487060546875,140.95053100585938,116.97716522216797
2022-05-27,391.9398498535156,146.69522094726562,118.6309814453125
2022-05-31,389.7407531738281,145.91094970703125,119.49854278564453
2022-06-01,386.5883483886719,145.7835235595703,117.40193939208984
2022-06-02,393.9502868652344,148.23431396484375,119.29069519042969
2022-06-03,387.4849853515625,142.51907348632812,117.62784576416016
2022-06-06,388.664794921875,143.26406860351562,117.23926544189453
2022-06-07,392.3929138183594,145.7835235595703,117.54651641845703
2022-06-08,388.12677001953125,145.0482940673828,115.67581939697266
2022-06-09,378.89599609375,139.8329620361328,113.24481201171875
2022-06-10,367.90966796875,134.431396484375,108.03941345214844
2022-06-13,353.9408264160156,129.28472900390625,104.8221664428711
2022-06-14,352.874267578125,130.1473846435547,103.07801055908203
2022-06-15,357.905029296875,132.76487731933594,104.29800415039062
2022-06-16,346.05975341796875,127.50052642822266,102.50865173339844
2022-06-17,346.8057556152344,128.9709930419922,102.14717102050781
2022-06-21,355.5361328125,133.1961669921875,104.67759704589844
2022-06-22,354.89154052734375,132.6864471435547,104.09014892578125
2022-06-23,358.3703308105469,135.5489959716797,102.95148468017578
2022-06-24,369.76434326171875,138.8722686767578,106.02413177490234
2022-06-27,368.3518981933594,138.8722686767578,105.17460632324219
2022-06-28,360.8254699707031,134.73529052734375,104.66854095458984
2022-06-29,360.5316162109375,136.49008178710938,104.19860076904297
2022-06-30,357.6025695800781,134.0294647216797,101.76761627197266
2022-07-01,361.3847351074219,136.1959686279297,103.0689697265625
2022-07-05,362.0672607421875,138.7742462158203,102.67692565917969
2022-07-06,363.29010009765625,140.107421875,102.01136016845703
2022-07-07,368.7311096191406,143.46998596191406,104.5915298461914
2022-07-08,368.427734375,144.1463623046875,104.26329803466797
2022-07-11,364.2190246582031,142.01907348632812,102.89573669433594
2022-07-12,360.9960632324219,142.98959350585938,102.99603271484375
2022-07-13,359.1001892089844,142.62692260742188,102.02960968017578
2022-07-14,358.2281799316406,145.54823303222656,98.46482849121094
2022-07-15,365.0721130371094,147.2147674560547,102.977783203125
2022-07-18,362.05780029296875,144.1758270263672,101.92019653320312
2022-07-19,371.8403625488281,148.0284423828125,104.44563293457031
2022-07-20,374.2101135253906,150.02830505371094,104.42740631103516
2022-07-21,378.0207824707031,152.29287719726562,105.1385498046875
2022-07-22,374.5133972167969,151.05763244628906,104.62799072265625
2022-07-25,374.96844482421875,149.94007873535156,105.04737091064453
2022-07-26,370.53216552734375,148.61668395996094,103.40629577636719
2022-07-27,380.1535339355469,153.70452880859375,105.06561279296875
2022-07-28,384.9216003417969,154.25350952148438,104.6735610961914
2022-07-29,390.53326416015625,159.31192016601562,105.17501068115234
2022-08-01,389.3768005371094,158.3316192626953,104.12653350830078
2022-08-02,386.80792236328125,156.86111450195312,102.50370025634766
2022-08-03,392.8651428222656,162.86074829101562,103.57952117919922
2022-08-04,392.5997009277344,162.5469970703125,102.43987274169922
2022-08-05,391.93621826171875,162.32122802734375,105.5396957397461
2022-08-08,391.4812316894531,161.8500213623047,104.25418090820312
2022-08-09,389.9266052246094,161.89910888671875,105.1932373046875
2022-08-10,398.1166076660156,166.1399688720703,107.93749237060547
2022-08-11,398.1166076660156,165.4036865234375,109.53301239013672
2022-08-12,404.8563537597656,168.94760131835938,111.34729766845703
2022-08-15,406.524658203125,170.01760864257812,111.64816284179688
2022-08-16,407.3209533691406,169.8605499267578,112.7148666381836
2022-08-17,404.42974853515625,171.3527069091797,111.76669311523438
2022-08-18,405.6051940917969,170.96002197265625,110.90055084228516
2022-08-19,400.1545715332031,168.378173828125,108.15630340576172
2022-08-22,391.8224182128906,164.5005645751953,106.3693618774414
2022-08-23,390.87457275390625,164.1667938232422,105.32087707519531
2022-08-24,392.12579345703125,164.46128845214844,105.5761947631836
2022-08-25,397.6616516113281,166.91551208496094,108.08338165283203
2022-08-26,384.20123291015625,160.62290954589844,104.54592895507812
2022-08-29,381.6607666015625,158.42393493652344,104.29065704345703
2022-08-30,377.4709777832031,155.99917602539062,104.30889892578125
2022-08-31,374.5987243652344,154.34011840820312,103.68892669677734
2022-09-01,375.77423095703125,155.0666046142578,104.40005493164062
2022-09-02,371.8118591308594,152.9559783935547,103.67068481445312
2022-09-06,370.4089660644531,151.69940185546875,103.69803619384766
2022-09-07,377.0633544921875,153.1032257080078,105.6673355102539
2022-09-08,379.5279235839844,151.6307373046875,108.12894439697266
2022-09-09,385.42401123046875,154.4873809814453,108.64862060546875
2022-09-12,389.56640625,160.4364013671875,109.93415832519531
2022-09-13,372.6270751953125,151.02203369140625,106.11407470703125
2022-09-14,374.0489807128906,152.465087890625,105.86792755126953
2022-09-15,369.80230712890625,149.57896423339844,107.46340942382812
2022-09-16,366.9810485839844,147.9395294189453,106.7431640625
2022-09-19,369.82696533203125,151.6503143310547,107.72779083251953
2022-09-20,365.5819091796875,154.02601623535156,105.60350799560547
2022-09-21,359.2047424316406,150.9042510986328,102.55838775634766
2022-09-22,356.18756103515625,149.94223022460938,101.39141082763672
2022-09-23,350.2196044921875,147.6745147705078,99.50416564941406
2022-09-26,346.75506591796875,148.0082550048828,97.36163330078125
2022-09-27,345.869873046875,148.9801483154297,96.50464630126953
2022-09-28,352.6752624511719,147.09532165527344,98.45570373535156
2022-09-29,345.3083190917969,139.8701171875,96.78727722167969
2022-09-30,339.9686584472656,135.6685333251953,95.2738265991211
2022-10-03,348.9442138671875,139.8406982421875,98.21865844726562
2022-10-04,359.7568054199219,143.42384338378906,102.81367492675781
2022-10-05,358.9192199707031,143.71832275390625,101.54425048828125
2022-10-06,355.2167053222656,142.76609802246094,99.47455596923828
2022-10-07,345.3083190917969,137.52392578125,97.48763275146484
2022-10-10,342.6717529296875,137.847900390625,96.57698059082031
2022-10-11,340.5016174316406,136.43423461914062,93.78976440429688
2022-10-12,339.3785400390625,135.80596923828125,95.30755615234375
2022-10-13,348.3350524902344,140.37078857421875,100.60598754882812
2022-10-14,340.39697265625,135.84523010253906,102.28016662597656
2022-10-17,349.1441650390625,139.8014373779297,106.57594299316406
2022-10-18,353.2464599609375,141.11683654785156,109.317138671875
2022-10-19,350.74322509765625,141.22486877441406,107.17386627197266
2022-10-20,347.8021240234375,140.76348876953125,106.8243179321289
2022-10-21,356.2541809082031,144.57240295410156,112.43550109863281
2022-10-24,360.6134338378906,146.7124786376953,112.57347869873047
2022-10-25,366.37188720703125,149.54949951171875,112.86785125732422
2022-10-26,363.6116943359375,146.6142578125,114.16486358642578
2022-10-27,361.6700134277344,142.1476287841797,114.61559295654297
2022-10-28,370.27435302734375,152.88726806640625,115.97698974609375
2022-10-31,367.59979248046875,150.53118896484375,115.79301452636719
2022-11-01,365.9912109375,147.89047241210938,117.88111877441406
2022-11-02,356.80621337890625,142.37342834472656,116.7956771850586
2022-11-03,353.13226318359375,136.33607482910156,117.00724029541016
2022-11-04,358.21490478515625,136.07057189941406,120.20838165283203
2022-11-07,361.6414489746094,136.60157775878906,120.84309387207031
2022-11-08,363.5926208496094,137.17190551757812,120.91668701171875
2022-11-09,356.10186767578125,132.61915588378906,119.34370422363281
2022-11-10,375.6711730957031,144.41885375976562,124.25578308105469
2022-11-11,379.30706787109375,147.20169067382812,124.45816802978516
2022-11-14,376.0804138183594,145.80535888671875,123.17955780029297
2022-11-15,379.2879943847656,147.53599548339844,122.28731536865234
2022-11-16,376.3945617675781,146.3068389892578,122.45287322998047
2022-11-17,375.2428283691406,148.2046356201172,121.9193344116211
2022-11-18,376.94659423828125,148.76513671875,123.11518096923828
2022-11-21,375.5759582519531,145.53988647460938,122.38848114013672
2022-11-22,380.6300964355469,147.67364501953125,124.21903228759766
2022-11-23,383.0286560058594,148.54881286621094,125.5436019897461
2022-11-25,382.9429931640625,145.63818359375,125.78278350830078
2022-11-28,376.8323974609375,141.81312561035156,123.58432006835938
2022-11-29,376.18511962890625,138.81399536132812,125.61721801757812
2022-11-30,388.03521728515625,145.5595245361328,127.10741424560547
2022-12-01,387.7496643066406,145.83485412597656,125.3228530883789
2022-12-02,387.3022766113281,145.34320068359375,124.32940673828125
2022-12-05,380.3350830078125,144.1829071044922,120.84309387207031
2022-12-06,374.8525695800781,140.5249786376953,121.04547882080078
2022-12-07,374.21490478515625,138.58787536621094,120.96269226074219
2022-12-08,377.1464538574219,140.2693328857422,122.23210906982422
2022-12-09,374.3290710449219,139.7875213623047,121.56980895996094
2022-12-12,379.7258605957031,142.07861328125,123.45553588867188
2022-12-13,382.600341796875,143.04225158691406,123.3359603881836
2022-12-14,380.1541748046875,140.8199920654297,122.71967315673828
2022-12-15,370.8549499511719,134.22198486328125,119.67487335205078
2022-12-16,366.47662353515625,132.26516723632812,118.9297866821289
2022-12-19,363.3690185546875,130.16087341308594,119.63807678222656
2022-12-20,363.8662414550781,130.09207153320312,120.21759033203125
2022-12-21,369.30694580078125,133.18948364257812,121.56980895996094
2022-12-22,364.0382995605469,130.02322387695312,120.19000244140625
2022-12-23,366.1323547363281,129.65940856933594,120.76033020019531
2022-12-27,364.68853759765625,127.8599624633789,121.1834716796875
2022-12-28,360.1562805175781,123.9365234375,121.84577178955078
2022-12-29,366.63916015625,127.44696807861328,122.54485321044922
2022-12-30,365.67340087890625,127.76160430908203,123.35437774658203
2023-01-03,364.1340026855469,122.98270416259766,124.29261016845703
2023-01-04,366.94512939453125,124.25119018554688,125.45162200927734
2023-01-05,362.7570495605469,122.93354797363281,125.4238510131836
2023-01-06,371.075927734375,127.45675659179688,127.82390594482422
2023-01-09,370.8654479980469,127.9779281616211,127.29569244384766
2023-01-10,373.46630859375,128.54823303222656,128.4355010986328
2023-01-11,378.1898498535156,131.26217651367188,129.38995361328125
2023-01-12,379.5667419433594,131.1835479736328,129.26022338867188
2023-01-13,381.0392761230469,132.51100158691406,132.52206420898438
2023-01-17,380.3413391113281,133.67129516601562,130.47413635253906
2023-01-18,374.33648681640625,132.95347595214844,126.55436706542969
2023-01-19,371.6112976074219,133.01251220703125,124.86785888671875
2023-01-20,378.53411865234375,135.56907653808594,125.17361450195312
2023-01-23,383.075927734375,138.75503540039062,127.20307159423828
2023-01-24,382.6648864746094,140.15133666992188,128.2965087890625
2023-01-25,382.8082275390625,139.4925079345703,128.91734313964844
2023-01-26,387.01544189453125,141.55746459960938,129.7142791748047
2023-01-27,387.9046630859375,143.49456787109375,130.02938842773438
2023-01-30,383.0376892089844,140.61351013183594,128.9266357421875
2023-01-31,388.669677734375,141.88194274902344,129.69573974609375
2023-02-01,392.80035400390625,143.0029296875,129.3529052734375
2023-02-02,398.5183410644531,148.302978515625,128.7505645751953
2023-02-03,394.2824401855469,151.92156982421875,130.74290466308594
2023-02-06,391.8728332519531,149.19776916503906,131.51205444335938
2023-02-07,396.9980163574219,152.0690460205078,133.11512756347656
2023-02-08,392.6568908691406,149.3845977783203,132.17921447753906
2023-02-09,389.2529602050781,148.35215759277344,130.1220245361328
2023-02-10,390.1613464355469,148.71653747558594,130.69654846191406
2023-02-13,394.74139404296875,151.51339721679688,132.1143341064453
2023-02-14,394.5596923828125,150.87326049804688,132.6981201171875
2023-02-15,395.84100341796875,152.9709014892578,133.25413513183594
2023-02-16,390.39080810546875,151.37554931640625,131.41934204101562
2023-02-17,389.4154968261719,150.23313903808594,131.8085479736328
2023-02-21,381.6033935546875,146.22496032714844,129.38995361328125
2023-02-22,381.0775146484375,146.64842224121094,128.39842224121094
2023-02-23,383.1046447753906,147.13096618652344,129.42701721191406
2023-02-24,379.01220703125,144.4818572998047,130.59457397460938
2023-02-27,380.30303955078125,145.67347717285156,131.7344512939453
2023-02-28,378.8974304199219,145.17120361328125,132.837158203125
2023-03-01,377.444091796875,143.10308837890625,132.09580993652344
2023-03-02,380.3794860839844,143.69400024414062,130.724365234375
2023-03-03,386.47998046875,148.7362060546875,133.12440490722656
2023-03-06,386.7476501464844,151.4936981201172,132.34603881835938
2023-03-07,380.8193664550781,149.2975616455078,128.45404052734375
2023-03-08,381.44091796875,150.5482635498047,127.69418334960938
2023-03-09,374.4033203125,148.30291748046875,120.78126525878906
2023-03-10,369.0009460449219,146.24465942382812,123.84852600097656
2023-03-13,368.47503662109375,148.1847381591797,121.62454223632812
2023-03-14,374.5659484863281,150.2725372314453,124.74736785888672
2023-03-15,372.2232666015625,150.66648864746094,118.85379028320312
2023-03-16,378.7539367675781,153.48300170898438,121.16117858886719
2023-03-17,374.3253173828125,152.64596557617188,116.5834732055664
2023-03-20,377.9246826171875,155.00946044921875,117.81595611572266
2023-03-21,382.8870544433594,156.8609161376953,120.97586822509766
2023-03-22,376.36016845703125,155.43296813964844,117.85299682617188
2023-03-23,377.37762451171875,156.5162353515625,117.53793334960938
2023-03-24,379.85394287109375,157.81622314453125,115.74949645996094
2023-03-27,380.5642395019531,155.87611389160156,119.06694030761719
2023-03-28,379.71002197265625,155.2556915283203,119.42832946777344
2023-03-29,385.2290954589844,158.32830810546875,119.66927337646484
2023-03-30,387.4846496582031,159.89414978027344,119.30786895751953
2023-03-31,392.9461364746094,162.39556884765625,120.7534408569336
2023-04-03,394.4434509277344,163.64627075195312,120.61444854736328
2023-04-04,392.2549743652344,163.11448669433594,119.0020523071289
2023-04-05,391.22802734375,161.2728729248047,119.17951202392578
2023-04-06,392.7541198730469,162.15921020507812,119.04876708984375
2023-04-10,393.1572570800781,159.56915283203125,119.44100189208984
2023-04-11,393.2628479003906,158.3578643798828,120.02938842773438
2023-04-12,391.659912109375,157.66848754882812,120.01071166992188
2023-04-13,396.8622741699219,163.04554748535156,120.46834564208984
2023-04-14,395.892822265625,162.70086669921875,129.56488037109375
2023-04-17,397.3133544921875,162.7205352783203,130.5921630859375
2023-04-18,397.572509765625,163.94174194335938,132.05848693847656
2023-04-19,397.5054016113281,165.0841064453125,131.89035034179688
2023-04-20,395.3361511230469,164.1189727783203,131.50746154785156
2023-04-21,395.64324951171875,162.51373291015625,131.25527954101562
2023-04-24,396.05596923828125,162.8190460205078,131.43272399902344
2023-04-25,389.7690734863281,161.28273010253906,128.57489013671875
2023-04-26,388.11810302734375,161.2728729248047,126.29608917236328
2023-04-27,395.8448486328125,165.8522491455078,127.99586486816406
2023-04-28,399.22344970703125,167.1029510498047,129.10726928710938
2023-05-01,398.82025146484375,167.01437377929688,131.87171936035156
2023-05-02,394.3377990722656,165.98028564453125,129.7423095703125
2023-05-03,391.6311340332031,164.90682983398438,126.99655151367188
2023-05-04,388.85723876953125,163.27203369140625,125.25942993164062
2023-05-05,396.05596923828125,170.9339141845703,127.70635223388672
2023-05-08,396.1614990234375,170.86495971679688,128.01451110839844
2023-05-09,394.42425537109375,169.1612548828125,127.3981704711914
2023-05-10,396.26715087890625,170.924072265625,127.46350860595703
2023-05-11,395.5760803222656,171.11114501953125,127.06192779541016
2023-05-12,395.0577697753906,170.18414306640625,125.24075317382812
2023-05-15,396.42071533203125,169.69107055664062,126.29608917236328
2023-05-16,393.7715148925781,169.69107055664062,125.44620513916016
2023-05-17,398.5514831542969,170.30247497558594,129.3033905029297
2023-05-18,402.390869140625,172.62989807128906,130.2840118408203
2023-05-19,401.8053894042969,172.73834228515625,129.985107421875
2023-05-22,401.9685363769531,171.79161071777344,128.91111755371094
2023-05-23,397.4573059082031,169.1881103515625,127.56626892089844
2023-05-24,394.5777893066406,169.46424865722656,126.39883422851562
2023-05-25,397.99481201171875,170.5983428955078,126.7070541381836
2023-05-26,403.14910888671875,173.00462341308594,127.89314270019531
2023-05-30,403.30267333984375,174.8487548828125,128.37875366210938
2023-05-31,401.0663146972656,174.7994384765625,126.74437713623047
2023-06-01,404.8768005371094,177.6001739501953,128.4908447265625
2023-06-02,410.7318115234375,178.44830322265625,131.18994140625
2023-06-05,409.94482421875,177.09722900390625,129.9010772705078
2023-06-06,410.83740234375,176.7323455810547,130.13455200195312
2023-06-07,409.41693115234375,175.36160278320312,131.39537048339844
2023-06-08,411.8931884765625,178.0735626220703,131.43272399902344
2023-06-09,412.63226318359375,178.45819091796875,131.69424438476562
2023-06-12,416.3756408691406,181.24900817871094,131.68490600585938
2023-06-13,419.1207580566406,180.7756805419922,132.63754272460938
2023-06-14,419.619873046875,181.4068145751953,132.14256286621094
2023-06-15,424.82220458984375,183.4383544921875,133.63682556152344
2023-06-16,423.3751220703125,182.36343383789062,133.79559326171875
2023-06-20,421.1785888671875,182.4521484375,133.11383056640625
2023-06-21,419.0206298828125,181.4166717529297,132.91770935058594
2023-06-22,420.5330810546875,184.41465759277344,130.35874938964844
2023-06-23,417.3539123535156,184.09906005859375,129.6769256591797
2023-06-26,415.648681640625,182.70858764648438,129.99449157714844
2023-06-27,420.20556640625,185.45999145507812,130.0038299560547
2023-06-28,420.41754150390625,186.63356018066406,129.43411254882812
2023-06-29,422.07452392578125,186.96884155273438,133.95436096191406
2023-06-30,427.05535888671875,191.28829956054688,135.83155822753906
2023-07-03,427.546630859375,189.79916381835938,136.9242706298828
2023-07-05,426.910888671875,188.68478393554688,136.01214599609375
2023-07-06,423.56781005859375,189.1581573486328,134.66744995117188
2023-07-07,422.4984436035156,188.04376220703125,135.73004150390625
2023-07-10,423.56781005859375,186.00241088867188,136.49171447753906
2023-07-11,426.265380859375,185.479736328125,138.62632751464844
2023-07-12,429.6950378417969,187.14637756347656,139.31277465820312
2023-07-13,433.10540771484375,187.9056854248047,139.9898223876953
2023-07-14,432.8357238769531,188.05364990234375,140.83612060546875
2023-07-17,434.3386535644531,191.3080291748047,144.23080444335938
2023-07-18,437.5659484863281,191.05162048339844,144.49412536621094
2023-07-19,438.5390625,192.40267944335938,145.04893493652344
2023-07-20,435.6296081542969,190.45993041992188,146.8355712890625
2023-07-21,435.6296081542969,189.28634643554688,145.7071075439453
2023-07-24,437.57562255859375,190.08514404296875,148.57521057128906
2023-07-25,438.7702941894531,190.94314575195312,147.46559143066406
2023-07-26,438.83770751953125,191.8109588623047,148.3494873046875
2023-07-27,435.9281921386719,190.54867553710938,146.71334838867188
2023-07-28,440.19610595703125,193.12257385253906,147.5502471923828
2023-07-31,441.0342102050781,193.73397827148438,148.53759765625
2023-08-01,439.772216796875,192.9056396484375,147.8041229248047
2023-08-02,433.6545715332031,189.91749572753906,146.13026428222656
2023-08-03,432.4118347167969,188.52700805664062,147.02365112304688
2023-08-04,430.4561462402344,179.4739227294922,146.71334838867188
2023-08-07,434.2133483886719,176.37733459472656,147.4091796875
2023-08-08,432.3250732421875,177.314208984375,146.5816650390625
2023-08-09,429.4349060058594,175.72645568847656,144.61631774902344
2023-08-10,429.5890808105469,175.50950622558594,144.4000701904297
2023-08-11,429.3385925292969,175.56875610351562,145.23696899414062
2023-08-14,431.7085266113281,177.21792602539062,145.5378875732422
2023-08-15,426.67962646484375,175.2329864501953,141.83291625976562
2023-08-16,423.548583984375,174.3639678955078,141.23106384277344
2023-08-17,420.3211975097656,171.82611083984375,139.76416015625
2023-08-18,420.5234375,172.30999755859375,140.0838623046875
2023-08-21,423.25946044921875,173.64309692382812,140.5634307861328
2023-08-22,422.1131286621094,175.0157470703125,137.6483612060547
2023-08-23,426.8144836425781,178.85716247558594,138.57928466796875
2023-08-24,420.89923095703125,174.17637634277344,138.4476318359375
2023-08-25,423.8665466308594,176.3784942626953,138.27838134765625
2023-08-28,426.5544128417969,177.9387664794922,138.75794982910156
2023-08-29,432.7201232910156,181.81967163085938,139.88638305664062
2023-08-30,434.5024108886719,185.3055419921875,139.3221893310547
2023-08-31,433.86651611328125,185.52279663085938,137.60133361816406
2023-09-01,434.67578125,187.0929718017578,138.06211853027344
2023-09-05,432.7971496582031,187.3299560546875,136.53875732421875
2023-09-06,429.8877258300781,180.62478637695312,136.31307983398438
2023-09-07,428.56787109375,175.34161376953125,135.1470184326172
2023-09-08,429.21331787109375,175.953857421875,135.25050354003906
2023-09-11,432.0361328125,177.119140625,135.84288024902344
2023-09-12,429.6661071777344,174.0973663330078,137.6107177734375
2023-09-13,430.1671447753906,172.0334930419922,137.67657470703125
2023-09-14,433.8761901855469,173.54437255859375,140.34713745117188
2023-09-15,428.648681640625,172.82347106933594,139.93338012695312
2023-09-18,428.9001159667969,175.74649047851562,140.2248992919922
2023-09-19,428.0106506347656,176.83273315429688,140.04624938964844
2023-09-20,424.07574462890625,173.29747009277344,139.45384216308594
2023-09-21,417.0665283203125,171.7569580078125,138.363037109375
2023-09-22,416.12872314453125,172.60621643066406,137.037109375
2023-09-25,417.8786315917969,173.88011169433594,137.71417236328125
2023-09-26,411.7393798828125,169.81161499023438,136.28485107421875
2023-09-27,411.9037780761719,168.30072021484375,137.08413696289062
2023-09-28,414.2917785644531,168.55747985839844,138.7861785888672
2023-09-29,413.28631591796875,169.07093811035156,136.36947631835938
2023-10-02,413.1219482421875,171.57920837402344,135.19403076171875
2023-10-03,407.5918884277344,170.24609375,134.197265625
2023-10-04,410.5599670410156,171.49032592773438,134.79910278320312
2023-10-05,410.4052734375,172.7247314453125,135.36744689941406
2023-10-06,415.2779541015625,175.2725067138672,137.45147705078125
2023-10-09,417.9366149902344,176.75376892089844,137.13890075683594
2023-10-10,420.11187744140625,176.1612548828125,137.97250366210938
2023-10-11,421.83282470703125,177.55364990234375,138.4461669921875
2023-10-12,419.2611083984375,178.45228576660156,138.1240692138672
2023-10-13,417.1728210449219,176.6155242919922,140.19863891601562
2023-10-16,421.5621643066406,176.4871063232422,140.0565185546875
2023-10-17,421.5428161621094,174.93673706054688,139.75341796875
2023-10-18,415.9256591796875,173.64309692382812,138.2188262939453
2023-10-19,412.2711486816406,173.26788330078125,137.63148498535156
2023-10-20,407.2052001953125,170.7200927734375,135.4148406982422
2023-10-23,406.4993896484375,170.83859252929688,133.56761169433594
2023-10-24,409.56414794921875,171.2731170654297,133.7286376953125
2023-10-25,403.68597412109375,168.96234130859375,132.9992218017578
2023-10-26,398.8520812988281,164.80494689941406,133.34027099609375
2023-10-27,397.0440979003906,166.11830139160156,128.5375518798828
2023-10-30,401.79107666015625,168.16244506835938,130.1763153076172
2023-10-31,404.3144226074219,168.636474609375,131.72984313964844
2023-11-01,408.6263122558594,171.79647827148438,131.6162109375
2023-11-02,416.4574279785156,175.35150146484375,133.96551513671875
2023-11-03,420.2569580078125,174.44297790527344,135.4622039794922
2023-11-06,421.2237243652344,176.99075317382812,136.4852752685547
2023-11-07,422.4224853515625,179.54843139648438,136.4189453125
2023-11-08,422.7319030761719,180.60504150390625,137.09153747558594
2023-11-09,419.4351806640625,180.1310272216797,136.68417358398438
2023-11-10,425.9803161621094,184.3136749267578,138.71136474609375
2023-11-13,425.5743103027344,182.73159790039062,138.09567260742188
2023-11-14,433.8307800292969,185.342041015625,140.61546325683594
2023-11-15,434.7492370605469,185.90565490722656,141.846923828125
2023-11-16,435.28094482421875,187.58663940429688,143.466796875
2023-11-17,435.8223876953125,187.56686401367188,144.76455688476562
2023-11-20,439.1770935058594,189.30715942382812,145.2097930908203
2023-11-21,438.2200927734375,188.5062255859375,144.90667724609375
2023-11-22,439.9118957519531,189.16873168945312,145.24769592285156
2023-11-24,440.1825866699219,187.84371948242188,145.44662475585938
2023-11-27,439.38983154296875,187.6657257080078,145.11505126953125
2023-11-28,439.82489013671875,188.26889038085938,145.44662475585938
2023-11-29,439.5155029296875,187.2504425048828,146.1855010986328
2023-11-30,441.24603271484375,187.82394409179688,147.85272216796875
2023-12-01,443.8564147949219,189.09950256347656,148.57264709472656
2023-12-04,441.5264892578125,187.3097686767578,149.66204833984375
2023-12-05,441.43939208984375,191.25509643554688,149.64309692382812
2023-12-06,439.6605224609375,190.16744995117188,148.0706024169922
2023-12-07,443.01531982421875,192.0955810546875,148.52529907226562
2023-12-08,444.91986083984375,193.51947021484375,150.16409301757812
2023-12-11,446.65045166015625,191.01776123046875,150.7135467529297
2023-12-12,448.6904296875,192.53070068359375,152.05865478515625
2023-12-13,454.8779296875,195.7443084716797,152.5702362060547
2023-12-14,456.33770751953125,195.89260864257812,155.3457794189453
2023-12-15,455.5864562988281,195.35865783691406,156.5204315185547
2023-12-18,458.14910888671875,193.6974639892578,157.46766662597656
2023-12-19,460.9350891113281,194.7357177734375,159.57066345214844
2023-12-20,454.5477600097656,192.64932250976562,157.77081298828125
2023-12-21,458.8577880859375,192.50099182128906,158.67076110839844
2023-12-22,459.7799072265625,191.43307495117188,158.57603454589844
2023-12-26,461.7213134765625,190.8892822265625,159.51382446289062
2023-12-27,462.55621337890625,190.98812866210938,160.47061157226562
2023-12-28,462.73089599609375,191.41334533691406,161.32318115234375
2023-12-29,461.391357421875,190.37506103515625,161.1337127685547
2024-01-02,458.8092041015625,183.56219482421875,163.00933837890625
2024-01-03,455.0622253417969,182.187744140625,162.29885864257812
2024-01-04,453.5964050292969,179.87393188476562,163.37591552734375
2024-01-05,454.21771240234375,179.15206909179688,164.1956024169922
2024-01-08,460.7021484375,183.4830780029297,163.9573211669922
2024-01-09,460.0032043457031,183.06776428222656,162.6610870361328
2024-01-10,462.604736328125,184.1060333251953,163.0041961669922
2024-01-11,462.4009094238281,183.51275634765625,162.31793212890625
2024-01-12,462.72119140625,183.83905029296875,161.12652587890625
2024-01-16,461.0224609375,181.57469177246094,160.1162109375
2024-01-17,458.4597473144531,180.6352996826172,159.2583770751953
2024-01-18,462.5367736816406,186.5187225341797,159.57290649414062
2024-01-19,468.3028259277344,189.41592407226562,162.32745361328125
2024-01-22,469.29296875,191.7198486328125,162.13682556152344
2024-01-23,470.6615905761719,192.9954071044922,161.0693359375
2024-01-24,471.1761474609375,192.32302856445312,162.508544921875
2024-01-25,473.7388610839844,191.99673461914062,164.8341827392578
2024-01-26,473.13702392578125,190.26629638671875,164.20513916015625
2024-01-29,476.88397216796875,189.58401489257812,164.634033203125
2024-01-30,476.51507568359375,185.93531799316406,168.0081024169922
2024-01-31,468.7396545410156,182.33607482910156,166.18765258789062
2024-02-01,474.87457275390625,184.7685546875,165.58714294433594
2024-02-02,479.873779296875,183.76983642578125,166.54031372070312
2024-02-05,478.1264953613281,185.57936096191406,166.32106018066406
2024-02-06,479.5146179199219,187.1811981201172,166.8929443359375
2024-02-07,483.5140075683594,187.2899627685547,167.20748901367188
2024-02-08,483.7275390625,186.21221923828125,166.6070098876953
2024-02-09,486.523193359375,186.97454833984375,166.8071746826172
2024-02-12,486.3096008300781,185.29141235351562,167.55059814453125
2024-02-13,479.61163330078125,183.20237731933594,166.0923309326172
2024-02-14,483.97021484375,182.32119750976562,167.77935791015625
2024-02-15,487.3094482421875,182.03408813476562,171.4393768310547
2024-02-16,484.8826599121094,180.49949645996094,170.63873291015625
2024-02-20,482.21319580078125,179.75692749023438,171.30592346191406
2024-02-21,482.6499938964844,180.5093994140625,172.42111206054688
2024-02-22,492.63873291015625,182.53903198242188,174.48941040039062
2024-02-23,492.9783935546875,180.70741271972656,175.3662872314453
2024-02-26,491.1728820800781,179.3609161376953,174.76580810546875
2024-02-27,492.0853271484375,180.81631469726562,174.85159301757812
2024-02-28,491.43505859375,179.6183319091797,175.73800659179688
2024-02-29,493.20172119140625,178.95497131347656,177.33924865722656
2024-03-01,497.8320007324219,177.8758087158203,176.60533142089844
2024-03-04,497.2981262207031,173.361083984375,177.93020629882812
2024-03-05,492.3280334472656,168.4305419921875,179.71255493164062
2024-03-06,494.8227844238281,167.44049072265625,180.64663696289062
2024-03-07,499.7346496582031,167.3216552734375,179.0644073486328
2024-03-08,496.73516845703125,169.0344696044922,179.3980255126953
2024-03-11,496.3079833984375,171.034423828125,179.4647216796875
2024-03-12,501.64697265625,171.50962829589844,180.9420928955078
2024-03-13,500.8606262207031,169.43051147460938,182.409912109375
2024-03-14,499.8705139160156,171.2819366455078,179.15975952148438
2024-03-15,496.4381408691406,170.9057159423828,181.38052368164062
2024-03-18,499.3885192871094,171.99478149414062,183.62991333007812
2024-03-19,502.16375732421875,174.33135986328125,184.70692443847656
2024-03-20,506.8083190917969,176.89564514160156,187.12789916992188
2024-03-21,508.4831848144531,169.66810607910156,189.7299346923828
2024-03-22,507.5192565917969,170.569091796875,187.40428161621094
2024-03-25,506.1170349121094,169.15330505371094,185.6886749267578
2024-03-26,505.1822509765625,168.02464294433594,186.55601501464844
2024-03-27,509.4278259277344,171.58885192871094,190.1684112548828
2024-03-28,509.3303527832031,169.77703857421875,190.91180419921875
2024-04-01,508.4443054199219,168.34146118164062,189.6155548095703
2024-04-02,505.2115173339844,167.16326904296875,189.53932189941406
2024-04-03,505.7664489746094,167.96522521972656,189.00555419921875
2024-04-04,499.593017578125,167.14346313476562,187.56752014160156
2024-04-05,504.81219482421875,167.8959197998047,189.2931671142578
2024-04-08,505.0945739746094,166.77713012695312,190.28060913085938
2024-04-09,505.6788635253906,167.98500061035156,189.0055694580078
2024-04-10,500.6154479980469,166.11376953125,187.39495849609375
2024-04-11,504.3935241699219,173.3016815185547,187.3566131591797
2024-04-12,497.4313659667969,174.7967071533203,175.23876953125
2024-04-15,491.199462890625,170.97503662109375,175.33465576171875
2024-04-16,490.3036193847656,167.69790649414062,173.33099365234375
2024-04-17,487.4018859863281,166.3316192626953,172.6407470703125
2024-04-18,486.39892578125,165.381103515625,173.7624053955078
2024-04-19,482.1534729003906,163.36138916015625,178.1244354248047
2024-04-22,486.59368896484375,164.1930389404297,181.58531188964844
2024-04-23,492.3679504394531,165.2425079345703,184.20252990722656
2024-04-24,492.1342468261719,167.3414764404297,185.10369873046875
2024-04-25,490.2646484375,168.2028350830078,185.38172912597656
2024-04-26,494.9093322753906,167.61871337890625,185.4967498779297
2024-04-29,496.662109375,171.7769775390625,185.29544067382812
2024-04-30,488.7943420410156,168.6384735107422,183.81906127929688
2024-05-01,487.2071533203125,167.61871337890625,183.93409729003906
2024-05-02,491.76422119140625,171.3116455078125,183.74234008789062
2024-05-03,497.85980224609375,181.55886840820312,182.63986206054688
2024-05-06,503.0011291503906,179.9054412841797,184.0683135986328
2024-05-07,503.55609130859375,180.58859252929688,183.82861328125
2024-05-08,503.6047668457031,180.92523193359375,187.56752014160156
2024-05-09,506.50640869140625,182.73704528808594,189.34112548828125
2024-05-10,507.1589050292969,181.47793579101562,190.5586395263672
2024-05-13,507.2270202636719,184.68020629882812,190.52029418945312
2024-05-14,509.55426025390625,185.82034301757812,193.18544006347656
2024-05-15,515.8641967773438,188.09066772460938,193.76068115234375
2024-05-16,514.8026733398438,188.20965576171875,194.10577392578125
2024-05-17,515.5427856445312,188.23939514160156,196.32992553710938
2024-05-20,516.1367797851562,189.39932250976562,187.50042724609375
2024-05-21,517.402587890625,190.69808959960938,191.27767944335938
2024-05-22,515.9127807617188,189.26052856445312,190.11764526367188
2024-05-23,512.1444091796875,185.27505493164062,188.78504943847656
2024-05-24,515.5330200195312,188.3484344482422,192.41851806640625
2024-05-28,515.893310546875,188.3583526611328,191.25848388671875
2024-05-29,512.28076171875,188.65576171875,189.9259033203125
2024-05-30,508.88238525390625,189.6471710205078,191.09548950195312
2024-05-31,513.517333984375,190.59896850585938,194.25918579101562
2024-06-03,513.9360961914062,192.3636474609375,193.48265075683594
2024-06-04,514.5106201171875,192.680908203125,190.93252563476562
2024-06-05,520.6256103515625,194.1878662109375,189.1110076904297
2024-06-06,520.615966796875,192.80975341796875,188.77548217773438
2024-06-07,519.9829711914062,195.1990966796875,191.68988037109375
2024-06-10,521.5895385742188,191.4614715576172,191.36395263671875
2024-06-11,522.8458251953125,205.37095642089844,186.330810546875
2024-06-12,527.1399536132812,211.24017333984375,183.6177215576172
2024-06-13,528.2013549804688,212.40008544921875,185.65975952148438
2024-06-14,528.522705078125,210.66510009765625,185.77474975585938
2024-06-17,532.7291870117188,214.80923461914062,186.92518615722656
2024-06-18,534.0825805664062,212.44964599609375,188.8617706298828
2024-06-20,532.6318359375,207.87924194335938,190.4627685546875
2024-06-21,531.917724609375,205.70806884765625,188.190673828125
2024-06-24,530.1886596679688,206.3524627685547,190.66409301757812
2024-06-25,532.230224609375,207.27450561523438,189.88755798339844
2024-06-26,532.89453125,211.41859436035156,189.2740020751953
2024-06-27,533.7346801757812,212.2613067626953,190.9420928955078
2024-06-28,531.6343383789062,208.81117248535156,193.9044647216797
2024-07-01,532.728515625,214.88851928710938,196.962646484375
2024-07-02,536.3136596679688,218.37828063964844,200.2030487060547
2024-07-03,538.70703125,219.6473388671875,200.06883239746094
2024-07-05,541.8134155273438,224.3961639404297,197.41783142089844
2024-07-08,542.4386596679688,225.86346435546875,197.78414916992188
2024-07-09,542.9661254882812,226.71609497070312,200.1555938720703
2024-07-10,548.3389282226562,230.97914123535156,200.31948852539062
2024-07-11,543.6109008789062,225.61561584472656,199.98207092285156
2024-07-12,547.0397338867188,228.5601043701172,197.56243896484375
2024-07-15,548.5441284179688,232.386962890625,202.4884796142578
2024-07-16,551.7969360351562,232.80335998535156,205.92996215820312
2024-07-17,544.060302734375,226.9143524169922,209.0629425048828
2024-07-18,539.8792724609375,222.25473022460938,202.42098999023438
2024-07-19,536.2940673828125,222.3835906982422,202.22817993164062
2024-07-22,541.8231811523438,222.03660583496094,202.71018981933594
2024-07-23,540.973388671875,223.0775909423828,202.75840759277344
2024-07-24,528.7135009765625,216.6631622314453,201.08103942871094
2024-07-25,525.958740234375,215.62220764160156,201.15814208984375
2024-07-26,531.849365234375,216.08815002441406,204.59963989257812
2024-07-29,532.161865234375,216.36573791503906,203.2596893310547
2024-07-30,529.4657592773438,216.9209442138672,207.4434356689453
2024-07-31,538.0719604492188,220.17276000976562,205.1394805908203
2024-08-01,530.452392578125,216.48472595214844,200.47372436523438
2024-08-02,520.5762939453125,217.97181701660156,191.97120666503906
2024-08-05,505.4150695800781,207.4728240966797,187.88385009765625
2024-08-06,510.07476806640625,205.45025634765625,193.12803649902344
2024-08-07,506.66552734375,208.01805114746094,193.1858673095703
2024-08-08,518.3782348632812,211.4781036376953,196.714111328125
2024-08-09,520.6640625,214.3829345703125,198.39146423339844
2024-08-12,520.9376220703125,215.9114532470703,198.76744079589844
2024-08-13,529.5047607421875,219.62362670898438,200.45443725585938
2024-08-14,531.1753540039062,220.07029724121094,202.67164611816406
2024-08-15,540.2797241210938,223.0479736328125,203.93447875976562
2024-08-16,541.490966796875,224.36807250976562,206.26736450195312
2024-08-19,546.66845703125,224.20925903320312,207.69407653808594
2024-08-20,545.779541015625,224.8246307373047,206.7975616455078
2024-08-21,547.6550903320312,224.71546936035156,206.8747100830078
2024-08-22,543.3568115234375,222.85939025878906,208.83160400390625
2024-08-23,549.130126953125,225.15220642089844,210.45111083984375
2024-08-26,547.8212280273438,225.48965454101562,211.28016662597656
2024-08-27,548.5733642578125,226.33334350585938,212.25379943847656
2024-08-28,545.3887939453125,224.8048095703125,213.32382202148438
2024-08-29,545.4376220703125,228.0802459716797,214.2107391357422
2024-08-30,550.644287109375,227.29612731933594,216.70748901367188
2024-09-03,539.3126220703125,221.1124725341797,212.3695068359375
2024-09-04,538.2086791992188,219.20675659179688,211.4344024658203
2024-09-05,536.8997192382812,220.72540283203125,209.79562377929688
2024-09-06,527.86376953125,219.17697143554688,204.81173706054688
2024-09-09,533.773681640625,219.26632690429688,209.005126953125
2024-09-10,536.0986938476562,218.47225952148438,198.1601104736328
2024-09-11,541.5984497070312,221.0032958984375,199.76998901367188
2024-09-12,546.1605224609375,221.1124725341797,199.1626739501953
2024-09-13,549.0130615234375,220.84446716308594,196.96478271484375
2024-09-16,549.8237915039062,214.7104949951172,200.37733459472656
2024-09-17,550.0484619140625,215.1769561767578,201.71726989746094
2024-09-18,548.4171752929688,219.0479736328125,200.05918884277344
2024-09-19,557.7755126953125,227.16709899902344,202.90298461914062
2024-09-20,556.8114013671875,226.5020751953125,203.4910430908203
2024-09-23,558.2027587890625,224.7849578857422,203.82843017578125
2024-09-24,559.7999267578125,225.67825317382812,203.97303771972656
2024-09-25,558.5653076171875,224.68568420410156,202.62342834472656
2024-09-26,560.77978515625,225.82713317871094,202.22817993164062
2024-09-27,559.966552734375,226.09510803222656,202.9222869873047
2024-09-30,562.21044921875,231.26637268066406,203.26931762695312
2024-10-01,557.1738891601562,224.52688598632812,199.58682250976562
2024-10-02,557.4090576171875,225.0926513671875,199.82781982421875
2024-10-03,556.3900756835938,223.99087524414062,197.84197998046875
2024-10-04,561.4461059570312,225.11248779296875,204.86410522460938
2024-10-07,556.370361328125,220.04052734375,204.5828399658203
2024-10-08,561.63232421875,224.0901641845703,204.40823364257812
2024-10-09,565.5225219726562,227.83209228515625,206.99790954589844
2024-10-10,564.53271484375,227.33583068847656,206.43536376953125
2024-10-11,567.9132690429688,225.85693359375,215.60101318359375
2024-10-14,572.557861328125,229.57899475097656,214.8153839111328
2024-10-15,568.1091918945312,232.11004638671875,215.697998046875
2024-10-16,570.57861328125,230.05543518066406,216.91038513183594
2024-10-17,570.6275024414062,230.42266845703125,217.6669158935547
2024-10-18,572.8224487304688,233.25146484375,218.58831787109375
2024-10-21,571.8817138671875,234.720458984375,216.28965759277344
2024-10-22,571.5780029296875,234.1051025390625,217.37594604492188
2024-10-23,566.3552856445312,229.04299926757812,216.68731689453125
2024-10-24,567.5801391601562,228.8544464111328,218.21006774902344
2024-10-25,567.3841552734375,229.6881866455078,215.62042236328125
2024-10-28,569.1381225585938,231.66339111328125,218.7144012451172
2024-10-29,570.0592041015625,231.931396484375,216.19264221191406
2024-10-30,568.3345947265625,228.387939453125,217.6572265625
2024-10-31,557.1934814453125,224.2291259765625,215.24212646484375
2024-11-01,559.545166015625,221.25143432617188,216.23146057128906
2024-11-04,558.33984375,220.3581085205078,213.16653442382812
2024-11-05,565.0912475585938,221.78741455078125,214.82510375976562
2024-11-06,579.1426391601562,221.06283569335938,239.62564086914062
2024-11-07,583.62060546875,225.78744506835938,229.2670440673828
2024-11-08,586.1486206054688,225.51913452148438,229.84898376464844
2024-11-11,586.7071533203125,222.8064727783203,232.08944702148438
2024-11-12,584.8847045898438,222.8064727783203,232.35133361816406
2024-11-13,585.1688232421875,223.69082641601562,233.9031982421875
2024-11-14,581.4061279296875,226.77114868164062,234.59181213378906
2024-11-15,573.9591064453125,223.5716094970703,237.9282989501953
2024-11-18,576.310791015625,226.5724334716797,237.65672302246094
2024-11-19,578.41748046875,226.83074951171875,235.77511596679688
2024-11-20,578.6133422851562,227.54620361328125,233.53463745117188
2024-11-21,581.7196655273438,227.0692596435547,237.3948516845703
2024-11-22,583.5225830078125,228.4106903076172,241.07083129882812
2024-11-25,585.501953125,231.39163208007812,242.7584686279297
2024-11-26,588.5592041015625,233.56771850585938,242.44808959960938
2024-11-27,586.7757568359375,233.4385528564453,242.2734832763672
2024-11-29,590.4208984375,235.8233184814453,242.20562744140625
2024-12-02,591.4791870117188,238.06895446777344,238.84002685546875
2024-12-03,591.7534790039062,241.10952758789062,237.4530792236328
2024-12-04,595.427978515625,241.46725463867188,236.0757598876953
2024-12-05,594.4481201171875,241.49705505371094,238.0931854248047
2024-12-06,595.5750122070312,241.29830932617188,239.91664123535156
2024-12-09,592.5079956054688,245.1835174560547,236.47344970703125
2024-12-10,590.6658935546875,246.19703674316406,235.5520477294922
2024-12-11,595.2320556640625,244.92514038085938,236.20187377929688
2024-12-12,592.1650390625,246.3858184814453,234.2620391845703
2024-12-13,592.0475463867188,246.55474853515625,232.71990966796875
2024-12-16,594.5755615234375,249.44625854492188,232.37074279785156
2024-12-17,592.1257934570312,251.8707733154297,231.1874237060547
2024-12-18,574.4783935546875,246.4752655029297,223.4378662109375
2024-12-19,574.302001953125,248.20420837402344,225.949951171875
2024-12-20,581.199951171875,252.87437438964844,230.45033264160156
2024-12-23,584.6803588867188,253.64942932128906,231.21653747558594
2024-12-24,591.1791381835938,256.5608215332031,235.01856994628906
2024-12-26,591.218505859375,257.3756103515625,235.8236083984375
2024-12-27,584.9949340820312,253.96739196777344,233.91290283203125
2024-12-30,578.3192749023438,250.59889221191406,232.1185760498047
2024-12-31,576.2152709960938,248.83021545410156,232.49684143066406
2025-01-02,574.7994384765625,242.3019256591797,232.778076171875
2025-01-03,581.9864501953125,241.81503295898438,235.9593963623047
2025-01-06,585.3390502929688,243.4446258544922,234.80899047851562
2025-01-07,578.7222900390625,240.67233276367188,237.07078552246094
2025-01-08,579.56787109375,241.1592254638672,237.0318145751953
2025-01-10,570.7194213867188,235.3463592529297,233.8535614013672
2025-01-13,571.604248046875,232.9119110107422,238.08470153808594
2025-01-14,572.3906860351562,231.7990264892578,241.26292419433594
2025-01-15,582.8026123046875,236.35989379882812,246.02056884765625
2025-01-16,581.681640625,226.81089782714844,247.8923797607422
2025-01-17,587.521728515625,228.5199737548828,252.6597442626953
2025-01-21,592.8995971679688,221.22657775878906,256.4326477050781
2025-01-22,596.2326049804688,222.4090118408203,256.2474365234375
2025-01-23,599.4868774414062,222.24009704589844,259.2794494628906
2025-01-24,597.73681640625,221.3656768798828,258.1972961425781
2025-01-27,589.2816162109375,228.40072631835938,259.18194580078125
2025-01-28,594.3449096679688,236.74740600585938,260.4395751953125
2025-01-29,591.6804809570312,237.8404083251953,259.89361572265625
2025-01-30,594.8561401367188,236.08163452148438,261.5022888183594
2025-01-31,591.6903686523438,234.5017547607422,260.5955810546875
2025-02-03,587.70849609375,226.5624542236328,260.11785888671875
2025-02-04,591.6510620117188,231.3220672607422,261.21954345703125
2025-02-05,594.0499267578125,230.99417114257812,263.6470642089844
2025-02-06,596.1146850585938,231.73939514160156,269.95477294921875
2025-02-07,590.657958984375,226.1848907470703,268.8823547363281
2025-02-10,594.6693725585938,226.45346069335938,264.24176025390625
2025-02-11,595.1216430664062,231.39735412597656,268.0926818847656
2025-02-12,593.2044677734375,235.62501525878906,268.5411682128906
2025-02-13,599.4672241210938,240.26051330566406,269.38934326171875
2025-02-14,599.4376831054688,243.31439208984375,269.652587890625
2025-02-18,601.1975708007812,243.18507385253906,272.92828369140625
2025-02-19,602.6133422851562,243.58297729492188,272.2458190917969
2025-02-20,600.1062622070312,244.53793334960938,260.10809326171875
2025-02-21,589.842041015625,244.2593994140625,257.6123046875
2025-02-24,587.1580200195312,245.80125427246094,254.78504943847656
2025-02-25,584.2379150390625,245.74156188964844,250.94386291503906
2025-02-26,584.5328979492188,239.09664916992188,252.2990264892578
2025-02-27,575.2025756835938,236.05276489257812,252.552490234375
2025-02-28,584.178955078125,240.56887817382812,258.01202392578125
2025-03-03,573.9442138671875,236.77891540527344,254.0830841064453
2025-03-04,567.1504516601562,234.68994140625,243.9732208251953
2025-03-05,573.24609375,234.50094604492188,245.22109985351562
2025-03-06,563.0702514648438,234.09310913085938,240.35626220703125
2025-03-07,566.2261962890625,237.81346130371094,236.203125
2025-03-10,551.1445922851562,226.2843780517578,226.3954620361328
2025-03-11,546.5628662109375,219.6792755126953,223.3927001953125
2025-03-12,549.4631958007812,215.8395538330078,222.18380737304688
2025-03-13,542.1386108398438,208.5779266357422,219.54177856445312
2025-03-14,553.3369750976562,212.367919921875,226.6099395751953
2025-03-17,557.6038818359375,212.87522888183594,228.0625457763672
2025-03-18,551.5770874023438,211.57208251953125,229.07647705078125
2025-03-19,557.584228515625,214.1086883544922,233.1126251220703
2025-03-20,555.9718017578125,212.97470092773438,233.01513671875
2025-03-21,556.1552124023438,217.1227569580078,235.56944274902344
2025-03-24,566.1151123046875,219.56983947753906,241.83815002441406
2025-03-25,567.4760131835938,222.573974609375,244.83114624023438
2025-03-26,560.7012939453125,220.36563110351562,244.733642578125
2025-03-27,559.2122802734375,222.67344665527344,241.89662170410156
2025-03-28,547.9507446289062,216.7547149658203,236.75881958007812
2025-03-31,551.62890625,220.9624786376953,239.1473846435547
2025-04-01,553.18701171875,222.0169219970703,237.54852294921875
2025-04-02,556.687744140625,222.71324157714844,239.6543426513672
2025-04-03,529.2537841796875,202.12203979492188,222.95399475097656
2025-04-04,498.2696838378906,187.38987731933594,206.2684783935547
2025-04-07,497.3821716308594,180.50625610351562,210.34913635253906
2025-04-08,489.591796875,171.51376342773438,212.73275756835938
2025-04-09,541.0084228515625,197.8048553466797,229.86949157714844
2025-04-10,517.3019409179688,189.41915893554688,222.7774200439453
2025-04-11,526.5321044921875,197.1085205078125,231.69400024414062
2025-04-14,531.64013671875,201.45556640625,230.24224853515625
2025-04-15,530.151123046875,201.0775604248047,228.6825714111328
2025-04-16,518.366943359375,193.24893188476562,225.22972106933594
2025-04-17,519.1065063476562,195.94468688964844,227.534912109375
2025-04-21,506.7503356933594,192.14474487304688,224.62155151367188
2025-04-22,519.9349365234375,198.690185546875,231.09564208984375
2025-04-23,527.9915161132812,203.52462768554688,236.28472900390625
2025-04-24,539.1051635742188,207.27481079101562,239.97300720214844
2025-04-25,543.0003662109375,208.18002319335938,238.90380859375
2025-04-28,543.2073974609375,209.03550720214844,238.58010864257812
2025-04-29,546.6292724609375,210.09988403320312,239.953369140625
2025-04-30,546.8462524414062,211.3831024169922,239.953369140625
2025-05-01,550.7216796875,212.19879150390625,242.18008422851562
2025-05-02,558.8966674804688,204.27069091796875,247.69287109375
2025-05-05,555.6917724609375,197.84463500976562,247.74191284179688
2025-05-06,551.0471801757812,197.46661376953125,244.49505615234375
2025-05-07,553.3645629882812,195.218505859375,244.63238525390625
2025-05-08,557.2203369140625,196.45199584960938,248.63453674316406
2025-05-09,556.5103149414062,197.48654174804688,248.25198364257812
2025-05-12,574.9015502929688,209.95704650878906,255.0889892578125
2025-05-13,578.6981201171875,212.08860778808594,257.9925537109375
2025-05-14,579.437744140625,211.490966796875,260.5723876953125
2025-05-15,582.267822265625,210.6144256591797,262.3870544433594
2025-05-16,585.9559936523438,210.42520141601562,262.4557189941406
2025-05-19,586.5969848632812,207.9550018310547,259.8268737792969
2025-05-20,584.6246948242188,206.04258728027344,260.6116027832031
2025-05-21,574.7733154296875,201.2914276123047,256.06011962890625
2025-05-22,575.0001220703125,200.56431579589844,255.69720458984375
2025-05-23,571.075439453125,194.49838256835938,255.7364044189453
2025-05-27,582.9483032226562,199.4188690185547,260.22906494140625
2025-05-28,579.5757446289062,199.62803649902344,258.46337890625
2025-05-29,581.8635864257812,199.15989685058594,259.3266296386719
2025-05-30,581.2127685546875,200.0563507080078,258.96368408203125
2025-06-02,584.4867553710938,200.90298461914062,259.611083984375
2025-06-03,587.81982421875,202.46678161621094,261.19036865234375
2025-06-04,587.6619262695312,202.0185546875,259.1794738769531
2025-06-05,584.8219604492188,199.83721923828125,256.9527893066406
2025-06-06,590.8274536132812,203.11419677734375,260.6606750488281
2025-06-09,591.3599243164062,200.6539764404297,261.6513977050781
2025-06-10,594.7128295898438,201.86912536621094,263.4759521484375
2025-06-11,593.0166625976562,197.99452209472656,263.03448486328125
2025-06-12,595.3734741210938,198.41285705566406,263.1227722167969
2025-06-13,588.7171020507812,195.6737060546875,259.89556884765625
2025-06-16,594.318359375,197.63595581054688,265.20233154296875
2025-06-17,589.2398681640625,194.86692810058594,264.37835693359375
2025-06-18,589.1510620117188,195.80319213867188,268.733642578125
2025-06-20,587.7673950195312,200.20574951171875,269.7538146972656
2025-06-23,593.5730590820312,200.70376586914062,272.96142578125
2025-06-24,600.13037109375,199.5084991455078,275.8944091796875
2025-06-25,600.4666748046875,200.76353454589844,278.6409606933594
2025-06-26,605.1646118164062,200.20574951171875,283.24151611328125
2025-06-27,608.1712646484375,200.28543090820312,281.6327819824219
2025-06-30,611.0790405273438,204.35926818847656,284.37939453125
2025-07-01,610.8812866210938,206.99879455566406,284.8698425292969
2025-07-02,613.6505737304688,211.60055541992188,286.4295349121094
2025-07-03,618.4869995117188,212.70616149902344,291.75201416015625
2025-07-07,613.8780517578125,209.120361328125,287.7798767089844
2025-07-08,613.5418090820312,209.1801300048828,278.72174072265625
2025-07-09,617.2210083007812,210.3056640625,279.0963134765625
2025-07-10,618.9617309570312,211.57064819335938,284.0540771484375
2025-07-11,616.7858276367188,210.3256072998047,282.7431640625
2025-07-14,617.9627685546875,207.79562377929688,284.5567932128906
2025-07-15,615.322021484375,208.28369140625,282.4376220703125
2025-07-16,617.3792114257812,209.3295440673828,281.7181396484375
2025-07-17,621.1573486328125,209.1901092529297,285.73956298828125
2025-07-18,620.7025146484375,210.34548950195312,287.0898742675781
2025-07-21,621.8794555664062,211.64036560058594,286.794189453125
2025-07-22,621.9683837890625,213.5527801513672,287.24761962890625
2025-07-23,627.259765625,213.30377197265625,292.5011291503906
2025-07-24,627.4674072265625,212.91531372070312,292.2940979003906
2025-07-25,630.1181030273438,213.03485107421875,294.33441162109375
2025-07-28,629.9598999023438,213.2041778564453,293.9992980957031
2025-07-29,628.2982788085938,210.43516540527344,292.7771301269531
2025-07-30,627.5070190429688,208.2239227294922,295.3299560546875
2025-07-31,625.1531982421875,206.74977111816406,291.9885559082031
2025-08-01,614.9066162109375,201.58030700683594,285.2171630859375
2025-08-04,624.2530517578125,202.5464630126953,290.0370178222656
2025-08-05,621.0880737304688,202.1181640625,287.1884765625
2025-08-06,625.845458984375,212.40733337402344,287.16876220703125
2025-08-07,625.3212280273438,219.16055297851562,282.8220520019531
2025-08-08,630.197265625,228.44374084472656,284.6159362792969
2025-08-11,628.9509887695312,226.5391082763672,285.4044494628906
2025-08-12,635.6468505859375,229.0021209716797,288.6472473144531
2025-08-13,637.8228149414062,232.6717529296875,286.36053466796875
2025-08-14,637.882080078125,232.12330627441406,289.93841552734375
2025-08-15,636.388671875,230.9366455078125,286.32110595703125
2025-08-18,636.2501831054688,230.23861694335938,287.3461608886719
2025-08-19,632.7984008789062,229.90956115722656,286.4886779785156
2025-08-20,631.1170043945312,225.3723907470703,288.04595947265625
2025-08-21,628.5850830078125,224.26551818847656,287.2870178222656
2025-08-22,638.2381591796875,227.11746215820312,291.9885559082031
2025-08-25,635.42919921875,226.5191650390625,290.6678161621094
2025-08-26,638.0897827148438,228.6630859375,294.2851257324219
2025-08-27,639.543701171875,229.8397674560547,294.9849548339844
2025-08-28,641.8085327148438,231.9039306640625,296.749267578125
2025-08-29,637.9810180664062,231.485107421875,297.0942687988281
2025-09-02,633.2533569335938,229.0719451904297,295.39892578125
2025-09-03,636.6853637695312,237.79725646972656,295.211669921875
2025-09-04,642.00634765625,239.1035614013672,299.4598083496094
2025-09-05,640.14697265625,239.0137939453125,290.1552734375
2025-09-08,641.719482421875,237.2089080810547,288.70635986328125
2025-09-09,643.2030639648438,233.68887329101562,293.57550048828125
2025-09-10,645.0625,226.1501922607422,296.22686767578125
2025-09-11,650.4231567382812,229.3810577392578,301.1748046875
2025-09-12,650.20556640625,233.40968322753906,302.5054626464844
2025-09-15,653.6671142578125,236.0322265625,304.46685791015625
2025-09-16,652.76708984375,237.4781494140625,304.75274658203125
2025-09-17,651.9561767578125,238.3157958984375,307.2759704589844
2025-09-18,655.00244140625,237.2089080810547,308.73480224609375
2025-09-19,658.2465209960938,244.8074188232422,310.26251220703125
2025-09-22,661.3607177734375,255.35755920410156,307.9560852050781
2025-09-23,657.7605590820312,253.71221923828125,308.2517395019531
2025-09-24,655.6677856445312,251.59820556640625,308.92205810546875
2025-09-25,652.6429443359375,256.14532470703125,308.95159912109375
2025-09-26,656.3819580078125,254.73931884765625,311.52410888671875
2025-09-29,658.2266845703125,253.71221923828125,311.159423828125
2025-09-30,660.7061157226562,253.9116668701172,310.9031677246094
2025-10-01,662.9574584960938,254.72933959960938,306.25091552734375
2025-10-02,663.7210693359375,256.40460205078125,303.13623046875
2025-10-03,663.7112426757812,257.2920837402344,305.5806579589844
2025-10-06,666.0914916992188,255.9658660888672,306.22442626953125
2025-10-07,663.6219482421875,255.75643920898438,304.74871826171875
2025-10-08,667.5791625976562,257.33197021484375,301.1236572265625
2025-10-09,665.6452026367188,253.32330322265625,302.6093444824219
2025-10-10,647.6542358398438,244.57806396484375,298.0137023925781
2025-10-13,657.5919189453125,246.96133422851562,305.0260314941406
2025-10-14,656.78857421875,247.07101440429688,299.19232177734375
2025-10-15,659.7044067382812,248.63656616210938,302.767822265625
2025-10-16,655.2117309570312,246.7519073486328,295.6861572265625
2025-10-17,658.9308471679688,251.5782470703125,294.7155456542969
2025-10-20,665.7840576171875,261.50018310546875,299.4696350097656
2025-10-21,665.7741088867188,262.0286865234375,294.25
2025-10-22,662.3128051757812,257.72088623046875,291.29852294921875
2025-10-23,666.2402954101562,258.84765625,291.72442626953125
2025-10-24,671.6851806640625,262.07855224609375,297.5679931640625
2025-10-27,679.6094970703125,268.0516662597656,301.2425231933594
2025-10-28,681.4144897460938,268.2411193847656,302.44097900390625
2025-10-29,681.7418823242188,268.93914794921875,302.5895690917969
2025-10-30,674.2440185546875,270.63433837890625,306.4819641113281
2025-10-31,676.4556274414062,269.6072692871094,308.1459045410156
2025-11-03,677.7251586914062,268.29095458984375,306.3928527832031
2025-11-04,669.6917114257812,269.2781982421875,306.2937927246094
2025-11-05,672.012451171875,269.3779296875,308.7005615234375
2025-11-06,664.8021850585938,269.0089416503906,310.4239501953125
2025-11-07,665.4567260742188,267.7126159667969,311.20635986328125
2025-11-10,675.8407592773438,268.93035888671875,313.86077880859375
2025-11-11,677.3878784179688,274.73956298828125,312.6029052734375
2025-11-12,677.7647705078125,272.9628601074219,317.34710693359375
2025-11-13,666.5180053710938,272.44384765625,306.5216064453125
2025-11-14,666.4088745117188,271.9048156738281,300.70770263671875
2025-11-17,660.2002563476562,266.9639892578125,297.4986572265625
2025-11-18,654.6561889648438,266.9440612792969,296.5478515625
2025-11-19,657.185302734375,268.06195068359375,300.3709411621094
2025-11-20,647.1683349609375,265.7562561035156,295.5277099609375
2025-11-21,653.6148681640625,270.98651123046875,295.1711120605469
2025-11-24,663.2351684570312,275.4083251953125,295.1513366699219
2025-11-25,669.4734497070312,276.4563903808594,300.103515625
2025-11-26,674.09521484375,277.0352783203125,304.6991882324219
2025-11-28,677.7747192382812,278.3328857421875,310.0871887207031
2025-12-01,674.6802978515625,282.57501220703125,305.96697998046875
2025-12-02,675.9300537109375,285.6592712402344,304.9368896484375
2025-12-03,678.2706298828125,283.623046875,309.1462707519531
2025-12-04,678.7665405273438,280.179443359375,313.07830810546875
2025-12-05,680.0557861328125,278.26300048828125,312.0284729003906
2025-12-08,678.0127563476562,277.3746643066406,312.1968078613281
2025-12-09,677.4276123046875,276.66595458984375,297.6373596191406
2025-12-10,681.92041015625,278.26300048828125,307.1455383300781
2025-12-11,683.5072631835938,277.514404296875,314.3460693359375
2025-12-12,676.1581420898438,277.7639465332031,315.47515869140625
2025-12-15,675.1365356445312,273.6016540527344,316.9608459472656
2025-12-16,673.2918701171875,274.1007385253906,312.5335388183594
2025-12-17,665.8832397460938,271.33587646484375,311.9690246582031
2025-12-18,670.9114990234375,271.68524169921875,310.0079345703125
2025-12-19,676.9923095703125,273.1625061035156,314.17767333984375
2025-12-22,681.2098388671875,270.4674987792969,320.00146484375
2025-12-23,684.3233032226562,271.85491943359375,322.8143310546875
2025-12-24,686.7305297851562,273.3022155761719,326.02337646484375
2025-12-26,686.660888671875,272.8929748535156,324.7754211425781
2025-12-29,684.2138671875,273.2523498535156,320.6551818847656
2025-12-30,683.3782958984375,272.5735778808594,320.3283386230469
2025-12-31,678.3152465820312,271.3558349609375,319.1398010253906
2026-01-02,679.55859375,270.5074157714844,322.36865234375
2026-01-05,684.0845947265625,266.7643737792969,330.8468322753906
2026-01-06,688.1529541015625,261.8734436035156,332.90625
2026-01-07,685.9347534179688,259.8471984863281,325.3250732421875
2026-01-08,685.8651123046875,258.55963134765625,328.11083984375
2026-01-09,690.4010009765625,258.8890075683594,327.5138854980469
2026-01-12,691.4852294921875,259.76739501953125,322.8377990722656
2026-01-13,690.1026000976562,260.5658874511719,309.3169860839844
2026-01-14,686.7105712890625,259.4779052734375,306.30242919921875
2026-01-15,688.5806884765625,257.73114013671875,307.68536376953125
2026-01-16,688.0037231445312,255.05613708496094,310.8789978027344
2026-01-20,673.9981689453125,246.2425079345703,301.19854736328125
2026-01-21,681.77685546875,247.1907501220703,300.50213623046875
2026-01-22,685.3379516601562,247.8894500732422,302.0840148925781
2026-01-23,685.5865478515625,247.58001708984375,296.2041015625
2026-01-26,689.068115234375,254.9363555908203,299.5072021484375
2026-01-27,691.8134765625,257.791015625,298.7809143066406
2026-01-28,691.7438354492188,255.96446228027344,299.2385559082031
2026-01-29,690.3711547851562,257.801025390625,304.8598327636719
2026-01-30,688.3121337890625,258.9988098144531,304.33251953125
2026-02-02,691.73388671875,269.5093078613281,306.5710754394531
2026-02-03,685.885009765625,268.98028564453125,313.24688720703125
2026-02-04,682.5626831054688,275.97723388671875,315.654541015625
2026-02-05,674.0379638671875,275.3983459472656,308.5807800292969
2026-02-06,686.96923828125,277.6042175292969,320.7584533691406
2026-02-09,690.2816162109375,274.3672180175781,320.4599914550781
2026-02-10,688.4613037109375,273.4280700683594,316.659423828125
2026-02-11,688.3021850585938,275.24639892578125,309.2374267578125
2026-02-12,677.668701171875,261.4891052246094,301.09906005859375
2026-02-13,678.1461181640625,255.5445556640625,301.0094909667969
2026-02-17,679.2402954101562,263.6371154785156,305.5661926269531
2026-02-18,682.662109375,264.106689453125,307.2077941894531
2026-02-19,680.8616943359375,260.3401184082031,306.48150634765625
2026-02-20,685.7855834960938,264.3364562988281,309.20758056640625
2026-02-23,678.7827758789062,265.9349670410156,296.1543884277344
2026-02-24,683.7164916992188,271.8895263671875,295.7862243652344
2026-02-25,689.4859008789062,273.97760009765625,301.75567626953125
2026-02-26,685.6561889648438,272.6987609863281,304.5712890625
2026-02-27,682.3637084960938,263.93682861328125,298.7709655761719
2026-03-02,682.7516479492188,264.476318359375,296.044921875
2026-03-03,676.7337036132812,263.5072326660156,298.7311706542969
2026-03-04,681.50830078125,262.2783508300781,297.8656311035156
2026-03-05,677.7084350585938,260.0504150390625,292.0553283691406
2026-03-06,668.8256225585938,257.2229919433594,288.0060729980469
2026-03-09,674.6845092773438,259.6407775878906,288.44384765625
2026-03-10,673.6002807617188,260.58990478515625,287.2598876953125
2026-03-11,672.7548217773438,260.5699157714844,286.0560302734375
2026-03-12,662.5390625,255.52456665039062,281.44964599609375
2026-03-13,658.7890014648438,249.8897705078125,281.996826171875
2026-03-16,665.493408203125,252.58729553222656,284.7029724121094
2026-03-17,667.2440185546875,253.99598693847656,285.42926025390625
2026-03-18,657.9335327148438,249.70994567871094,286.27490234375
2026-03-19,656.3121337890625,248.73085021972656,286.5037536621094
2026-03-20,646.9034423828125,247.76173400878906,285.1009216308594
2026-03-23,653.6959228515625,251.25851440429688,288.4338684082031
2026-03-24,651.5015869140625,251.4083709716797,290.91119384765625
2026-03-25,655.1322021484375,252.38746643066406,293.91583251953125
2026-03-26,643.432373046875,252.6572265625,290.1749572753906
2026-03-27,632.4606323242188,248.57098388671875,281.3998718261719
2026-03-30,630.3460693359375,246.40298461914062,282.32513427734375
2026-03-31,648.6688842773438,253.55638122558594,292.6622314453125
2026-04-01,653.5562744140625,255.3946990966797,293.87603759765625
2026-04-02,654.144775390625,255.68443298339844,293.1000061035156
2026-04-06,657.23681640625,258.6217041015625,295.45001220703125
2026-04-07,657.5260009765625,253.26666259765625,297.3999938964844
2026-04-08,674.27294921875,258.66168212890625,307.9700012207031
2026-04-09,678.162841796875,260.2502136230469,310.3299865722656
2026-04-10,677.7140502929688,260.240234375,309.8699951171875
2026-04-13,684.3369750976562,258.96142578125,313.67999267578125
2026-04-14,692.675537109375,258.59173583984375,311.1199951171875
2026-04-15,698.1414184570312,266.18475341796875,305.92999267578125
2026-04-16,699.8569946289062,263.15753173828125,309.95001220703125
2026-04-17,708.3152465820312,269.98126220703125,310.2900085449219
2026-04-20,706.8988037109375,272.79864501953125,316.989990234375
2026-04-21,702.2708129882812,265.9250183105469,313.0
2026-04-22,709.3825073242188,272.9185791015625,313.0199890136719
2026-04-23,706.6295776367188,273.1783142089844,311.69000244140625
2026-04-24,712.10546875,270.81048583984375,308.2799987792969
2026-04-27,713.332275390625,267.3636474609375,311.6300048828125
2026-04-28,709.8612060546875,270.4608154296875,311.45001220703125
2026-04-29,709.7515258789062,269.92132568359375,309.25
2026-04-30,716.8132934570312,271.1002502441406,313.2300109863281
2026-05-01,718.7982177734375,279.88214111328125,312.4700012207031
2026-05-04,716.1649780273438,276.5751647949219,307.6499938964844
2026-05-05,721.9102172851562,283.9184265136719,309.3999938964844
2026-05-06,731.9443359375,287.245361328125,314.8999938964844
2026-05-07,729.7001342773438,287.1754150390625,306.2699890136719
2026-05-08,735.724609375,293.0500183105469,302.1000061035156
2026-05-11,737.4002685546875,292.67999267578125,300.0
2026-05-12,736.2831420898438,294.79998779296875,304.8800048828125
2026-05-13,740.4025268554688,298.8699951171875,300.25
2026-05-14,746.2474975585938,298.2099914550781,299.9100036621094
2026-05-15,737.2706298828125,300.2300109863281,297.80999755859375
2026-05-18,736.751953125,297.8399963378906,300.7300109863281
2026-05-19,731.8446044921875,298.9700012207031,295.70001220703125
2026-05-20,739.3452758789062,302.25,301.9800109863281
2026-05-21,740.8114624023438,304.989990234375,303.0
2026-05-22,743.7239990234375,308.82000732421875,306.3800048828125
2026-05-26,748.6613159179688,308.3299865722656,306.739990234375
2026-05-27,748.5316162109375,310.8500061035156,299.2799987792969
2026-05-28,752.6609497070312,312.510009765625,296.7300109863281
2026-05-29,754.5361328125,312.05999755859375,299.30999755859375
2026-06-01,756.5908203125,306.30999755859375,296.5799865722656
2026-06-02,757.6182250976562,315.20001220703125,300.9599914550781
2026-06-03,752.3018798828125,310.260009765625,300.8500061035156
2026-06-04,755.1445922851562,311.2300109863281,310.8900146484375
2026-06-05,735.65478515625,307.3399963378906,312.3699951171875
2026-06-08,737.3204345703125,301.5400085449219,311.1099853515625
2026-06-09,735.1560668945312,290.54998779296875,312.70001220703125
2026-06-10,723.56591796875,291.5799865722656,309.1400146484375
2026-06-11,735.8642578125,295.6300048828125,313.489990234375
2026-06-12,739.843994140625,291.1300048828125,320.7200012207031
2026-06-15,752.890380859375,296.4200134277344,319.3999938964844
2026-06-16,748.4019775390625,299.239990234375,331.1400146484375
2026-06-17,739.0560302734375,295.95001220703125,333.4599914550781
2026-06-18,746.739990234375,298.010009765625,325.2200012207031
2026-06-22,744.3900146484375,297.010009765625,331.4800109863281
2026-06-23,733.5800170898438,294.29998779296875,334.1400146484375
2026-06-24,733.239990234375,293.0799865722656,333.45001220703125
2026-06-25,734.2999877929688,275.1499938964844,335.1199951171875
2026-06-26,728.989990234375,283.7799987792969,329.04998779296875
2026-06-29,741.0,281.739990234375,329.3900146484375
2026-06-30,746.77001953125,289.3599853515625,327.3299865722656
