Date,AAPL,PFE,XOM,^GSPC
2023-07-03,189.79916381835938,30.409879684448242,97.20845794677734,4455.58984375
2023-07-05,188.68478393554688,30.25223731994629,96.71092987060547,4446.81982421875
2023-07-06,189.15814208984375,29.563547134399414,93.10155487060547,4411.58984375
2023-07-07,188.0437469482422,29.480571746826172,93.31866455078125,4398.9501953125
2023-07-10,186.00238037109375,29.60503387451172,94.70271301269531,4409.52978515625
2023-07-11,185.47970581054688,29.88713836669922,95.86060333251953,4439.259765625
2023-07-12,187.14634704589844,29.86225128173828,96.33100128173828,4472.16015625
2023-07-13,187.90567016601562,29.920337677001953,94.56702423095703,4510.0400390625
2023-07-14,188.05364990234375,30.136066436767578,91.31045532226562,4505.419921875
2023-07-17,191.3080291748047,29.754384994506836,91.7084732055664,4522.7900390625
2023-07-18,191.05160522460938,30.069684982299805,91.29235076904297,4554.97998046875
2023-07-19,192.40269470214844,30.235628128051758,91.92559051513672,4565.72021484375
2023-07-20,190.45989990234375,30.509445190429688,93.5448226928711,4534.8701171875
2023-07-21,189.2863311767578,31.032184600830078,93.9790267944336,4536.33984375
2023-07-24,190.0851593017578,31.12344741821289,95.45352172851562,4554.64013671875
2023-07-25,190.94313049316406,30.750072479248047,95.59827423095703,4567.4599609375
2023-07-26,191.81094360351562,30.874523162841797,95.06453704833984,4566.75
2023-07-27,190.5486602783203,30.371143341064453,95.36307525634766,4537.41015625
2023-07-28,193.12257385253906,30.262073516845703,94.22327423095703,4582.22998046875
2023-07-31,193.7340087890625,30.25368881225586,97.00943756103516,4588.9599609375
2023-08-01,192.90560913085938,29.876140594482422,96.44859313964844,4576.72998046875
2023-08-02,189.9175262451172,29.658000946044922,95.2454605102539,4513.39013671875
2023-08-03,188.52699279785156,29.36435890197754,96.90089416503906,4501.89013671875
2023-08-04,179.4739227294922,29.381141662597656,97.1722640991211,4478.02978515625
2023-08-07,176.3773193359375,29.934871673583984,96.97325897216797,4518.43994140625
2023-08-08,177.31422424316406,29.901309967041016,97.45269012451172,4499.3798828125
2023-08-09,175.72645568847656,30.06910514831543,99.10810852050781,4467.7099609375
2023-08-10,175.509521484375,29.968427658081055,99.61470031738281,4468.830078125
2023-08-11,175.56874084472656,30.23690414428711,101.16156005859375,4464.0498046875
2023-08-14,177.21788024902344,30.262073516845703,101.24296569824219,4489.72021484375
2023-08-15,175.2329864501953,29.691566467285156,98.64373016357422,4437.85986328125
2023-08-16,174.36402893066406,29.767070770263672,96.98385620117188,4404.330078125
2023-08-17,171.8260955810547,30.6312255859375,98.86261749267578,4370.35986328125
2023-08-18,172.3099822998047,30.757070541381836,100.35831451416016,4369.7099609375
2023-08-21,173.64312744140625,31.050716400146484,99.14533233642578,4399.77001953125
2023-08-22,175.0157470703125,30.90808868408203,98.58900451660156,4387.5498046875
2023-08-23,178.8571319580078,30.757070541381836,97.72258758544922,4436.009765625
2023-08-24,174.1763458251953,30.337574005126953,96.99298095703125,4376.31005859375
2023-08-25,176.37847900390625,30.52215576171875,98.72581481933594,4405.7099609375
2023-08-28,177.93878173828125,30.37952995300293,99.55575561523438,4433.31005859375
2023-08-29,181.8196563720703,30.329191207885742,100.14855194091797,4497.6298828125
2023-08-30,185.3055419921875,30.11944580078125,101.12440490722656,4514.8701171875
2023-08-31,185.52281188964844,29.683181762695312,101.40713500976562,4507.66015625
2023-09-01,187.0929412841797,30.018768310546875,103.5321273803711,4515.77001953125
2023-09-05,187.32994079589844,29.683181762695312,103.54125213623047,4496.830078125
2023-09-06,180.62477111816406,28.83580207824707,104.43502807617188,4465.47998046875
2023-09-07,175.3416290283203,28.760297775268555,103.92430114746094,4451.14013671875
2023-09-08,175.95384216308594,28.735124588012695,105.4382553100586,4457.490234375
2023-09-11,177.119140625,28.475040435791016,104.11582946777344,4487.4599609375
2023-09-12,174.0973663330078,28.651233673095703,107.15283203125,4461.89990234375
2023-09-13,172.03347778320312,28.592498779296875,106.19522094726562,4467.43994140625
2023-09-14,173.5443878173828,28.651233673095703,108.09221649169922,4505.10009765625
2023-09-15,172.823486328125,28.5841064453125,106.4323501586914,4450.31982421875
2023-09-18,175.74649047851562,28.223346710205078,107.28964233398438,4453.52978515625
2023-09-19,176.83274841308594,28.516990661621094,107.00691986083984,4443.9501953125
2023-09-20,173.29750061035156,28.206565856933594,106.15874481201172,4402.2001953125
2023-09-21,171.75698852539062,27.560548782348633,104.66304016113281,4330.0
2023-09-22,172.60623168945312,27.426311492919922,104.82720184326172,4320.06005859375
2023-09-25,173.88011169433594,27.66961669921875,106.00370788574219,4337.43994140625
2023-09-26,169.8115997314453,27.18301010131836,106.16788482666016,4273.52978515625
2023-09-27,168.3007049560547,26.931316375732422,109.6244125366211,4274.509765625
2023-09-28,168.55743408203125,26.922924041748047,108.95863342285156,4299.7001953125
2023-09-29,169.07093811035156,27.829023361206055,107.23492431640625,4288.0498046875
2023-10-02,171.57919311523438,28.475040435791016,105.45648193359375,4288.39013671875
2023-10-03,170.24606323242188,28.441484451293945,105.63890075683594,4229.4501953125
2023-10-04,171.4903564453125,27.946483612060547,101.68984985351562,4263.75
2023-10-05,172.7247314453125,28.080720901489258,99.40070343017578,4258.18994140625
2023-10-06,175.2725067138672,27.795469284057617,97.74082946777344,4308.5
2023-10-09,176.7537384033203,27.854198455810547,101.16089630126953,4335.66015625
2023-10-10,176.16122436523438,27.829023361206055,100.73223876953125,4358.240234375
2023-10-11,177.5536346435547,27.778684616088867,97.12067413330078,4376.9501953125
2023-10-12,178.45225524902344,27.619279861450195,97.1024169921875,4349.60986328125
2023-10-13,176.61550903320312,26.93970489501953,100.20327758789062,4327.77978515625
2023-10-16,176.4871368408203,27.91292381286621,100.2762222290039,4373.6298828125
2023-10-17,174.93673706054688,27.476652145385742,101.58953857421875,4373.2001953125
2023-10-18,173.64312744140625,26.352420806884766,103.01228332519531,4314.60009765625
2023-10-19,173.26788330078125,26.167842864990234,103.07613372802734,4278.0
2023-10-20,170.7200927734375,25.714792251586914,101.30681610107422,4224.16015625
2023-10-23,170.83859252929688,25.87419891357422,99.82022094726562,4217.0400390625
2023-10-24,171.2731170654297,25.530214309692383,98.85348510742188,4247.68017578125
2023-10-25,168.9623565673828,25.781909942626953,99.03589630126953,4186.77001953125
2023-10-26,164.80491638183594,26.142671585083008,98.13299560546875,4137.22998046875
2023-10-27,166.11830139160156,25.261743545532227,96.26335906982422,4117.3701171875
2023-10-30,168.1624298095703,25.630891799926758,96.56432342529297,4166.81982421875
2023-10-31,168.63645935058594,25.639280319213867,96.53695678710938,4193.7998046875
2023-11-01,171.79647827148438,25.597333908081055,96.34545135498047,4237.85986328125
2023-11-02,175.35150146484375,25.588943481445312,99.51014709472656,4317.77978515625
2023-11-03,174.44300842285156,26.226572036743164,98.29715728759766,4358.33984375
2023-11-06,176.99072265625,26.159452438354492,96.55521392822266,4365.97998046875
2023-11-07,179.5484161376953,26.21817970275879,95.04126739501953,4378.3798828125
2023-11-08,180.6050262451172,25.857418060302734,93.8738784790039,4382.77978515625
2023-11-09,180.1310272216797,25.23670196533203,93.90123748779297,4347.35009765625
2023-11-10,184.31369018554688,25.0666446685791,94.62173461914062,4415.240234375
2023-11-13,182.73158264160156,24.641496658325195,95.61582946777344,4411.5498046875
2023-11-14,185.342041015625,24.879579544067383,95.98397064208984,4495.7001953125
2023-11-15,185.9056396484375,25.670352935791016,95.4041519165039,4502.8798828125
2023-11-16,187.58663940429688,25.313230514526367,94.29972839355469,4508.240234375
2023-11-17,187.56687927246094,25.440778732299805,96.60061645507812,4514.02001953125
2023-11-20,189.30714416503906,25.491790771484375,96.17725372314453,4547.3798828125
2023-11-21,188.50624084472656,25.763883590698242,96.14043426513672,4538.18994140625
2023-11-22,189.1687469482422,25.780893325805664,95.72628784179688,4556.6201171875
2023-11-24,187.84373474121094,25.93394660949707,96.24168395996094,4559.33984375
2023-11-27,187.66574096679688,25.627838134765625,95.68025970458984,4550.43017578125
2023-11-28,188.26890563964844,25.245208740234375,95.62503051757812,4554.89013671875
2023-11-29,187.2504425048828,25.576818466186523,94.18927001953125,4550.580078125
2023-11-30,187.8238983154297,25.908435821533203,94.55741119384766,4567.7998046875
2023-12-01,189.0995330810547,24.581979751586914,94.78750610351562,4594.6298828125
2023-12-04,187.30978393554688,24.89658546447754,94.2721176147461,4569.77978515625
2023-12-05,191.25509643554688,24.735031127929688,92.44059753417969,4567.18017578125
2023-12-06,190.16741943359375,24.47994613647461,91.21652221679688,4549.33984375
2023-12-07,192.0956268310547,24.343896865844727,90.58148956298828,4585.58984375
2023-12-08,193.5194854736328,24.47144317626953,91.62149810791016,4604.3701171875
2023-12-11,191.01779174804688,24.352397918701172,91.6859130859375,4622.43994140625
2023-12-12,192.5306396484375,24.30137825012207,90.24095153808594,4643.7001953125
2023-12-13,195.7442626953125,22.668821334838867,91.04166412353516,4707.08984375
2023-12-14,195.89260864257812,22.218162536621094,93.48981475830078,4719.5498046875
2023-12-15,195.35867309570312,22.643308639526367,92.86397552490234,4719.18994140625
2023-12-18,193.6974639892578,23.008935928344727,93.55425262451172,4740.56005859375
2023-12-19,194.7357177734375,23.94426155090332,94.78750610351562,4768.3701171875
2023-12-20,192.6493377685547,23.493602752685547,93.2044906616211,4698.35009765625
2023-12-21,192.5010223388672,24.071802139282227,93.62786865234375,4746.75
2023-12-22,191.43310546875,24.14832878112793,93.79352569580078,4754.6298828125
2023-12-26,190.88925170898438,24.156829833984375,94.00521087646484,4774.75
2023-12-27,190.98812866210938,24.326889038085938,93.56344604492188,4781.580078125
2023-12-28,191.41329956054688,24.47994613647461,92.21051788330078,4783.35009765625
2023-12-29,190.37509155273438,24.47994613647461,92.01724243164062,4769.830078125
2024-01-02,183.56216430664062,25.27921485900879,94.20768737792969,4742.830078125
2024-01-03,182.187744140625,25.27921485900879,94.99919891357422,4704.81005859375
2024-01-04,179.87391662597656,24.735031127929688,94.1708755493164,4688.68017578125
2024-01-05,179.152099609375,25.058141708374023,94.45619201660156,4697.240234375
2024-01-08,183.4830780029297,25.151676177978516,92.88237762451172,4763.5400390625
2024-01-09,183.06781005859375,24.998620986938477,91.73191833496094,4756.5
2024-01-10,184.10601806640625,24.65000343322754,90.8299789428711,4783.4501953125
2024-01-11,183.5127410888672,24.14832878112793,90.81158447265625,4780.240234375
2024-01-12,183.8390655517578,24.403417587280273,91.98963165283203,4783.830078125
2024-01-16,181.57469177246094,24.080305099487305,89.90963745117188,4765.97998046875
2024-01-17,180.6352996826172,23.935754776000977,89.25616455078125,4739.2099609375
2024-01-18,186.51873779296875,23.88473892211914,89.09050750732422,4780.93994140625
2024-01-19,189.41590881347656,24.046295166015625,89.22855377197266,4839.81005859375
2024-01-22,191.7198486328125,24.071802139282227,89.1089096069336,4850.43017578125
2024-01-23,192.99542236328125,24.173839569091797,90.11209869384766,4864.60009765625
2024-01-24,192.32301330566406,24.088809967041016,91.66751098632812,4868.5498046875
2024-01-25,191.99668884277344,23.709049224853516,93.99600219726562,4894.16015625
2024-01-26,190.2662811279297,23.709049224853516,94.79669952392578,4890.97021484375
2024-01-29,189.58401489257812,23.717679977416992,94.91636657714844,4927.93017578125
2024-01-30,185.935302734375,23.320661544799805,96.49937438964844,4924.97021484375
2024-01-31,182.3360595703125,23.3724422454834,94.62184143066406,4845.64990234375
2024-02-01,184.76853942871094,23.553693771362305,94.23529815673828,4906.18994140625
2024-02-02,183.7698516845703,23.242982864379883,93.84874725341797,4958.60986328125
2024-02-05,185.57936096191406,22.93227195739746,93.46221923828125,4942.81005859375
2024-02-06,187.1812286376953,23.734939575195312,94.10645294189453,4954.22998046875
2024-02-07,187.28997802734375,23.786725997924805,94.07884216308594,4995.06005859375
2024-02-08,186.21218872070312,23.79535675048828,95.68946838378906,4997.91015625
2024-02-09,186.9745635986328,23.786725997924805,93.6646728515625,5026.60986328125
2024-02-12,185.29141235351562,23.873037338256836,94.95317840576172,5021.83984375
2024-02-13,183.20236206054688,23.27750587463379,94.13573455810547,4953.169921875
2024-02-14,182.32119750976562,23.39833641052246,93.6712646484375,5000.6201171875
2024-02-15,182.03411865234375,23.743572235107422,96.3558349609375,5029.72998046875
2024-02-16,180.49948120117188,23.838512420654297,96.3558349609375,5005.56982421875
2024-02-20,179.75694274902344,23.812620162963867,95.44550323486328,4975.509765625
2024-02-21,180.5093994140625,23.881668090820312,97.39620208740234,4981.7998046875
2024-02-22,182.53900146484375,23.778099060058594,97.3126220703125,5087.02978515625
2024-02-23,180.70741271972656,23.9593448638916,96.45799255371094,5088.7998046875
2024-02-26,179.36093139648438,23.458755493164062,96.8388671875,5069.52978515625
2024-02-27,180.81629943847656,23.208457946777344,96.6344985961914,5078.18017578125
2024-02-28,179.6183624267578,23.337921142578125,96.90389251708984,5069.759765625
2024-02-29,178.95498657226562,22.923635482788086,97.08966827392578,5096.27001953125
2024-03-01,177.8758087158203,22.94953155517578,98.3158187866211,5137.080078125
2024-03-04,173.36109924316406,22.345369338989258,96.9410400390625,5130.9501953125
2024-03-05,168.43055725097656,22.509353637695312,98.13005065917969,5078.64990234375
2024-03-06,167.44049072265625,23.467384338378906,99.1797103881836,5104.759765625
2024-03-07,167.32168579101562,23.122148513793945,99.737060546875,5157.35986328125
2024-03-08,169.03448486328125,23.493276596069336,100.67525482177734,5123.68994140625
2024-03-11,171.03443908691406,24.48583221435547,101.26976776123047,5117.93994140625
2024-03-12,171.50965881347656,24.175121307373047,100.61952209472656,5175.27001953125
2024-03-13,169.43051147460938,24.356365203857422,101.74349975585938,5165.31005859375
2024-03-14,171.28195190429688,24.2786865234375,103.54560089111328,5150.47998046875
2024-03-15,170.9057159423828,24.114704132080078,103.35980987548828,5117.08984375
2024-03-18,171.9947967529297,23.924821853637695,104.31658935546875,5149.419921875
2024-03-19,174.33139038085938,23.847145080566406,105.05043029785156,5178.509765625
2024-03-20,176.89564514160156,23.907560348510742,104.95752716064453,5224.6201171875
2024-03-21,169.66812133789062,23.873037338256836,105.42198944091797,5241.52978515625
2024-03-22,170.56907653808594,23.614112854003906,105.42198944091797,5234.18017578125
2024-03-25,169.15330505371094,23.674528121948242,106.49954223632812,5218.18994140625
2024-03-26,168.0246124267578,23.812620162963867,105.70065307617188,5203.580078125
2024-03-27,171.5888671875,23.97661018371582,106.7967758178711,5248.490234375
2024-03-28,169.7770538330078,23.95071792602539,107.97650146484375,5254.35009765625
2024-04-01,168.34144592285156,23.924821853637695,108.67317962646484,5243.77001953125
2024-04-02,167.1632537841797,23.778099060058594,110.80037689208984,5205.81005859375
2024-04-03,167.9652099609375,23.493276596069336,110.81895446777344,5211.490234375
2024-04-04,167.14346313476562,23.00131607055664,111.20911407470703,5147.2099609375
2024-04-05,167.8959197998047,23.00994873046875,112.74180603027344,5204.33984375
2024-04-08,166.777099609375,22.940900802612305,111.98009490966797,5202.39013671875
2024-04-09,167.98501586914062,23.113521575927734,112.5653076171875,5209.91015625
2024-04-10,166.11378479003906,22.71649742126465,113.51278686523438,5160.64013671875
2024-04-11,173.3016815185547,22.7337589263916,113.13195037841797,5199.06005859375
2024-04-12,174.7966766357422,22.319475173950195,111.8128890991211,5123.41015625
2024-04-15,170.9750213623047,22.36263084411621,111.17193603515625,5061.81982421875
2024-04-16,167.69789123535156,22.172752380371094,110.25233459472656,5051.41015625
2024-04-17,166.3316192626953,21.939716339111328,110.19658660888672,5022.2099609375
2024-04-18,165.38111877441406,21.9138240814209,110.09441375732422,5011.1201171875
2024-04-19,163.3614044189453,22.440309524536133,111.35772705078125,4967.22998046875
2024-04-22,164.19305419921875,22.664710998535156,111.98937225341797,5010.60009765625
2024-04-23,165.24253845214844,22.71649742126465,112.42597961425781,5070.5498046875
2024-04-24,167.3414764404297,22.673341751098633,112.4445571899414,5071.6298828125
2024-04-25,168.2028350830078,21.80162239074707,112.70464324951172,5048.419921875
2024-04-26,167.61868286132812,21.922456741333008,109.57421875,5099.9599609375
2024-04-29,171.77699279785156,22.12959861755371,111.1347885131836,5116.169921875
2024-04-30,168.6384735107422,22.112335205078125,109.8621826171875,5035.68994140625
2024-05-01,167.61868286132812,23.458755493164062,107.78142547607422,5018.39013671875
2024-05-02,171.3116455078125,23.907560348510742,107.97650146484375,5064.2001953125
2024-05-03,181.55886840820312,24.00250244140625,107.75354766845703,5127.7900390625
2024-05-06,179.9054412841797,24.304580688476562,108.45023345947266,5180.740234375
2024-05-07,180.5885772705078,23.967975616455078,107.9114761352539,5187.7001953125
2024-05-08,180.92523193359375,24.399524688720703,107.89289855957031,5187.669921875
2024-05-09,182.737060546875,24.68863868713379,110.02011108398438,5214.080078125
2024-05-10,181.4779815673828,24.539697647094727,109.57421875,5222.68017578125
2024-05-13,184.68020629882812,24.916419982910156,109.52777099609375,5221.419921875
2024-05-14,185.82032775878906,24.863853454589844,110.19266510009766,5246.68017578125
2024-05-15,188.0906524658203,25.24934196472168,111.04483032226562,5308.14990234375
2024-05-16,188.20962524414062,25.336952209472656,110.37995147705078,5297.10009765625
2024-05-17,188.2393798828125,25.091644287109375,112.0374755859375,5303.27001953125
2024-05-20,189.3993377685547,24.995271682739258,111.12911224365234,5308.1298828125
2024-05-21,190.69808959960938,25.02155303955078,110.36121368408203,5321.41015625
2024-05-22,189.2605438232422,25.93270492553711,108.14181518554688,5307.009765625
2024-05-23,185.27505493164062,25.135452270507812,106.29700469970703,5267.83984375
2024-05-24,188.34844970703125,25.301908493041992,106.21272277832031,5304.72021484375
2024-05-28,188.3583526611328,24.79376792907715,107.56121826171875,5306.0400390625
2024-05-29,188.65579223632812,24.373239517211914,106.40937805175781,5266.9501953125
2024-05-30,189.64720153808594,24.706159591674805,106.74649047851562,5235.47998046875
2024-05-31,190.59896850585938,25.10916519165039,109.8087158203125,5277.509765625
2024-06-03,192.3636474609375,25.678634643554688,107.17726135253906,5283.39990234375
2024-06-04,192.680908203125,25.836334228515625,105.51038360595703,5291.33984375
2024-06-05,194.1878204345703,25.888896942138672,105.93179321289062,5354.02978515625
2024-06-06,192.80978393554688,25.23181915283203,106.72776794433594,5352.9599609375
2024-06-07,195.19908142089844,25.03907585144043,105.58531188964844,5346.990234375
2024-06-10,191.4614715576172,24.59226417541504,105.89433288574219,5360.7900390625
2024-06-11,205.37098693847656,24.557220458984375,105.04215240478516,5375.31982421875
2024-06-12,211.2401580810547,24.233060836791992,103.88096618652344,5421.02978515625
2024-06-13,212.4001007080078,24.224300384521484,103.0475082397461,5433.740234375
2024-06-14,210.66513061523438,24.11916732788086,102.17659759521484,5431.60009765625
2024-06-17,214.80921936035156,23.637311935424805,101.47425079345703,5473.22998046875
2024-06-18,212.4496612548828,24.014036178588867,102.429443359375,5487.02978515625
2024-06-20,207.87925720214844,24.303150177001953,104.63948059082031,5473.169921875
2024-06-21,205.7080535888672,24.303150177001953,103.72174835205078,5464.6201171875
2024-06-24,206.3524932861328,24.846336364746094,106.80268859863281,5447.8701171875
2024-06-25,207.27450561523438,24.52217674255371,107.10235595703125,5469.2998046875
2024-06-26,211.41859436035156,24.022798538208008,107.13980865478516,5477.89990234375
2024-06-27,212.2613067626953,24.355714797973633,107.59867858886719,5482.8701171875
2024-06-28,208.81118774414062,24.51341438293457,107.80469512939453,5460.47998046875
2024-07-01,214.88851928710938,24.72368049621582,107.65485382080078,5475.08984375
2024-07-02,218.37831115722656,24.38199806213379,106.92443084716797,5509.009765625
2024-07-03,219.64732360839844,24.26810646057129,107.46758270263672,5537.02001953125
2024-07-05,224.39614868164062,24.574739456176758,106.16590118408203,5567.18994140625
2024-07-08,225.8634796142578,24.4696102142334,105.05152130126953,5572.85009765625
2024-07-09,226.71607971191406,24.285627365112305,103.89032745361328,5576.97998046875
2024-07-10,230.97914123535156,24.837574005126953,104.80803680419922,5633.91015625
2024-07-11,225.6156005859375,25.10916519165039,106.05351257324219,5584.5400390625
2024-07-12,228.5601043701172,25.336952209472656,106.072265625,5615.35009765625
2024-07-15,232.386962890625,25.494651794433594,107.88898468017578,5631.22021484375
2024-07-16,232.80337524414062,25.845094680786133,108.66624450683594,5667.2001953125
2024-07-17,226.9143829345703,26.309431076049805,110.16455841064453,5588.27001953125
2024-07-18,222.25473022460938,26.029075622558594,111.25086212158203,5544.58984375
2024-07-19,222.3836212158203,26.256864547729492,108.69432830810547,5505.0
2024-07-22,222.03662109375,25.93270492553711,107.94515991210938,5564.41015625
2024-07-23,223.0775909423828,25.845094680786133,106.20336151123047,5555.740234375
2024-07-24,216.66317749023438,26.265625,107.70169067382812,5427.1298828125
2024-07-25,215.6221923828125,26.440845489501953,109.96791076660156,5399.22021484375
2024-07-26,216.088134765625,27.338197708129883,109.87425231933594,5459.10009765625
2024-07-29,216.36572265625,27.293777465820312,108.72242736816406,5463.5400390625
2024-07-30,216.92092895507812,27.88905143737793,110.660888671875,5436.43994140625
2024-07-31,220.1727752685547,27.13385009765625,111.05420684814453,5522.2998046875
2024-08-01,216.48472595214844,27.23158073425293,109.51840209960938,5446.68017578125
2024-08-02,217.97183227539062,27.036117553710938,109.4528579711914,5346.56005859375
2024-08-05,207.4727783203125,26.42307472229004,107.4769287109375,5186.330078125
2024-08-06,205.45028686523438,26.049915313720703,106.90570831298828,5240.02978515625
2024-08-07,208.01806640625,25.63233757019043,108.3291244506836,5199.5
2024-08-08,211.4780731201172,25.55237579345703,110.39866638183594,5319.31005859375
2024-08-09,214.3829345703125,25.365795135498047,111.29767608642578,5344.16015625
2024-08-12,215.9114532470703,25.27695083618164,111.43814849853516,5344.39013671875
2024-08-13,219.62362670898438,25.63233757019043,110.3705825805664,5434.43017578125
2024-08-14,220.07028198242188,25.65899085998535,111.3913345336914,5455.2099609375
2024-08-15,223.0479736328125,25.507951736450195,112.0804443359375,5543.22021484375
2024-08-16,224.3680877685547,25.143678665161133,111.55179595947266,5554.25
2024-08-19,224.20925903320312,25.587915420532227,111.89164733886719,5608.25
2024-08-20,224.8246307373047,25.676761627197266,108.1628646850586,5597.1201171875
2024-08-21,224.71548461914062,25.79226303100586,107.47373962402344,5620.85009765625
2024-08-22,222.859375,25.570146560668945,108.3044662475586,5570.64013671875
2024-08-23,225.15219116210938,25.676761627197266,109.80541229248047,5634.60986328125
2024-08-26,225.48965454101562,25.694528579711914,112.15595245361328,5616.83984375
2024-08-27,226.33334350585938,25.60568618774414,111.08924865722656,5625.7998046875
2024-08-28,224.80479431152344,25.54349136352539,109.99421691894531,5592.18017578125
2024-08-29,228.08023071289062,25.516836166381836,111.5140380859375,5591.9599609375
2024-08-30,227.29612731933594,25.774492263793945,111.33468627929688,5648.39990234375
2024-09-03,221.11248779296875,25.143678665161133,109.00302124023438,5528.93017578125
2024-09-04,219.20677185058594,25.22364044189453,107.67198181152344,5520.06982421875
2024-09-05,220.72540283203125,25.330259323120117,106.83182525634766,5503.41015625
2024-09-06,219.177001953125,25.37468147277832,106.33152770996094,5408.419921875
2024-09-09,219.2663116455078,26.129880905151367,108.56878662109375,5471.0498046875
2024-09-10,218.47225952148438,26.42307472229004,104.61344146728516,5495.52001953125
2024-09-11,221.00331115722656,26.351999282836914,103.5750503540039,5554.1298828125
2024-09-12,221.11248779296875,25.907764434814453,105.00047302246094,5595.759765625
2024-09-13,220.84446716308594,26.005496978759766,104.92496490478516,5626.02001953125
2024-09-16,214.7104949951172,26.716270446777344,106.3975830078125,5633.08984375
2024-09-17,215.1769561767578,26.503036499023438,107.7852554321289,5634.580078125
2024-09-18,219.04795837402344,26.431962966918945,108.1628646850586,5618.259765625
2024-09-19,227.16709899902344,26.351999282836914,109.50333404541016,5713.64013671875
2024-09-20,226.5020751953125,26.138769149780273,108.81421661376953,5702.5498046875
2024-09-23,224.78492736816406,26.041034698486328,110.78715515136719,5718.56982421875
2024-09-24,225.67825317382812,26.209842681884766,110.4945297241211,5732.93017578125
2024-09-25,224.68568420410156,25.70341682434082,108.34220886230469,5722.259765625
2024-09-26,225.82713317871094,25.738954544067383,106.48255920410156,5745.3701171875
2024-09-27,226.09510803222656,25.845571517944336,109.3333969116211,5738.169921875
2024-09-30,231.266357421875,25.71230125427246,110.6550064086914,5762.47998046875
2024-10-01,224.5269012451172,25.472414016723633,113.21324157714844,5708.75
2024-10-02,225.0926513671875,25.41910743713379,114.71417236328125,5709.5400390625
2024-10-03,223.99090576171875,25.17922019958496,115.7148208618164,5699.93994140625
2024-10-04,225.11248779296875,25.392452239990234,117.83881378173828,5751.06982421875
2024-10-07,220.04051208496094,25.94330406188965,118.34856414794922,5695.93994140625
2024-10-08,224.09014892578125,25.925535202026367,115.20504760742188,5751.1298828125
2024-10-09,227.8320770263672,26.82288932800293,115.25225067138672,5792.0400390625
2024-10-10,227.33583068847656,26.06768798828125,116.24344635009766,5780.0498046875
2024-10-11,225.85691833496094,25.907764434814453,116.6871337890625,5815.02978515625
2024-10-14,229.57901000976562,25.836685180664062,117.13080596923828,5859.85009765625
2024-10-15,232.11004638671875,26.156536102294922,113.60971069335938,5815.259765625
2024-10-16,230.05545043945312,26.360881805419922,113.90235900878906,5842.47021484375
2024-10-17,230.42266845703125,26.005496978759766,113.60971069335938,5841.47021484375
2024-10-18,233.25148010253906,25.96107292175293,113.28875732421875,5864.669921875
2024-10-21,234.72047424316406,25.70341682434082,113.35482788085938,5853.97998046875
2024-10-22,234.10507202148438,25.62345314025879,113.94009399414062,5851.2001953125
2024-10-23,229.04302978515625,25.64122200012207,113.5341796875,5797.419921875
2024-10-24,228.8544464111328,25.445756912231445,112.89227294921875,5809.85986328125
2024-10-25,229.6881866455078,25.27695083618164,112.7978744506836,5808.1201171875
2024-10-28,231.6633758544922,25.64122200012207,112.24092102050781,5823.52001953125
2024-10-29,231.93138122558594,25.285831451416016,110.71163177490234,5832.919921875
2024-10-30,228.387939453125,25.339143753051758,110.15469360351562,5813.669921875
2024-10-31,224.2291259765625,25.143678665161133,110.2396469116211,5705.4501953125
2024-11-01,221.25144958496094,24.957103729248047,108.51213073730469,5728.7998046875
2024-11-04,220.35809326171875,24.663908004760742,111.9671630859375,5712.68994140625
2024-11-05,221.7874298095703,24.868253707885742,112.29755401611328,5782.759765625
2024-11-06,221.06285095214844,24.30851936340332,114.22330474853516,5929.0400390625
2024-11-07,225.78741455078125,24.397363662719727,114.36490631103516,5973.10009765625
2024-11-08,225.51914978027344,24.108640670776367,114.32714080810547,5995.5400390625
2024-11-11,222.80648803710938,23.67555046081543,113.72298431396484,6001.35009765625
2024-11-12,222.80648803710938,23.63043785095215,113.60971069335938,5983.990234375
2024-11-13,223.6908416748047,24.108640670776367,114.66697692871094,5985.3798828125
2024-11-14,226.77113342285156,23.47705078125,114.74311828613281,5949.169921875
2024-11-15,223.57159423828125,22.376279830932617,113.55342864990234,5870.6201171875
2024-11-18,226.57241821289062,22.430419921875,114.50518035888672,5893.6201171875
2024-11-19,226.8307647705078,22.64696502685547,112.90624237060547,5916.97998046875
2024-11-20,227.54620361328125,22.502599716186523,114.51469421386719,5917.10986328125
2024-11-21,227.0692596435547,22.674030303955078,116.0470199584961,5948.7099609375
2024-11-22,228.41065979003906,23.143211364746094,115.91377258300781,5969.33984375
2024-11-25,231.39161682128906,23.61239242553711,114.18158721923828,5987.3701171875
2024-11-26,233.56771850585938,23.251483917236328,112.27809143066406,6021.6298828125
2024-11-27,233.4385223388672,23.305622100830078,111.98303985595703,5998.740234375
2024-11-29,235.82330322265625,23.648481369018555,112.2685546875,6032.3798828125
2024-12-02,238.0689697265625,23.29659652709961,112.16387176513672,6047.14990234375
2024-12-03,241.10952758789062,23.06200408935547,111.99256134033203,6049.8798828125
2024-12-04,241.46725463867188,22.764257431030273,108.76611328125,6086.490234375
2024-12-05,241.49705505371094,23.18832778930664,109.24199676513672,6075.10986328125
2024-12-06,241.29832458496094,23.215391159057617,108.09037780761719,6090.27001953125
2024-12-09,245.18350219726562,23.549232482910156,107.45270538330078,6052.85009765625
2024-12-10,246.19703674316406,23.07103157043457,107.23380279541016,6034.91015625
2024-12-11,244.9251708984375,22.764257431030273,106.51998138427734,6084.18994140625
2024-12-12,246.3858184814453,22.89057731628418,106.4248046875,6051.25
2024-12-13,246.5547637939453,23.08005142211914,105.49209594726562,6051.08984375
2024-12-16,249.44625854492188,22.78230094909668,103.2364501953125,6074.080078125
2024-12-17,251.87078857421875,23.846981048583984,102.79864501953125,6050.60986328125
2024-12-18,246.47528076171875,23.359752655029297,101.28536224365234,5872.16015625
2024-12-19,248.20419311523438,23.251483917236328,100.41926574707031,5867.080078125
2024-12-20,252.8743896484375,23.783824920654297,100.76190948486328,5930.85009765625
2024-12-23,253.6494140625,24.0996150970459,101.17115020751953,5974.06982421875
2024-12-24,256.5608215332031,24.126684188842773,101.26631927490234,6040.0400390625
2024-12-26,257.37554931640625,23.964275360107422,101.35198211669922,6037.58984375
2024-12-27,253.96739196777344,24.018413543701172,101.34246063232422,5970.83984375
2024-12-30,250.59890747070312,23.83795928955078,100.65721130371094,5906.93994140625
2024-12-31,248.83021545410156,23.937210083007812,102.37987518310547,5881.6298828125
2025-01-02,242.3019256591797,24.009389877319336,102.13241577148438,5868.5498046875
2025-01-03,241.81503295898438,23.991344451904297,102.6558837890625,5942.47021484375
2025-01-06,243.4446258544922,24.262025833129883,102.54166412353516,5975.3798828125
2025-01-07,240.67233276367188,24.47856903076172,103.50293731689453,5909.02978515625
2025-01-08,241.1592254638672,24.23495864868164,101.770751953125,5918.25
2025-01-10,235.3463592529297,24.108640670776367,101.39956665039062,5827.0400390625
2025-01-13,232.91189575195312,24.180818557739258,104.01688385009766,5836.22021484375
2025-01-14,231.79904174804688,23.828935623168945,104.4261474609375,5842.91015625
2025-01-15,236.35987854003906,23.657501220703125,106.12976837158203,5949.91015625
2025-01-16,226.8108673095703,23.9011173248291,105.94893646240234,5937.33984375
2025-01-17,228.5199737548828,23.72968864440918,106.90068817138672,5996.66015625
2025-01-21,221.22657775878906,24.03645896911621,106.0916976928711,6049.240234375
2025-01-22,222.40902709960938,23.468027114868164,104.24530792236328,6086.3701171875
2025-01-23,222.2401123046875,23.856002807617188,104.83539581298828,6118.7099609375
2025-01-24,221.3656768798828,23.929378509521484,103.41728210449219,6101.240234375
2025-01-27,228.40072631835938,24.63561248779297,104.85442352294922,6012.27978515625
2025-01-28,236.74740600585938,24.53472137451172,102.82718658447266,6067.7001953125
2025-01-29,237.84043884277344,24.415485382080078,103.42679595947266,6039.31005859375
2025-01-30,236.0816650390625,24.681472778320312,104.28337097167969,6071.169921875
2025-01-31,234.5017547607422,24.323768615722656,101.67558288574219,6040.52978515625
2025-02-03,226.5624542236328,24.030269622802734,101.92301940917969,5994.56982421875
2025-02-04,231.32208251953125,23.72760009765625,104.65455627441406,6037.8798828125
2025-02-05,230.99415588378906,24.25039291381836,104.57840728759766,6061.47998046875
2025-02-06,231.7393798828125,23.6909122467041,103.19837188720703,6083.56982421875
2025-02-07,226.1848907470703,23.60836410522461,103.63618469238281,6025.990234375
2025-02-10,226.45346069335938,23.72760009765625,105.6158218383789,6066.43994140625
2025-02-11,231.3973388671875,23.415754318237305,106.28205108642578,6068.5
2025-02-12,235.625,23.3607234954834,103.0843734741211,6051.97021484375
2025-02-13,240.26052856445312,23.516645431518555,103.8333740234375,6115.06982421875
2025-02-14,243.31439208984375,23.415754318237305,103.93900299072266,6114.6298828125
2025-02-18,243.18508911132812,23.44327163696289,105.76351165771484,6129.580078125
2025-02-19,243.58294677734375,23.745943069458008,105.91715240478516,6144.14990234375
2025-02-20,244.5379180908203,23.75511360168457,107.54959869384766,6117.52001953125
2025-02-21,244.25938415527344,24.12198829650879,106.29166412353516,6013.1298828125
2025-02-24,245.80125427246094,24.443004608154297,106.84861755371094,5983.25
2025-02-25,245.7415771484375,24.525548934936523,105.36980438232422,5955.25
2025-02-26,239.09666442871094,24.2320499420166,105.11053466796875,5956.06005859375
2025-02-27,236.05276489257812,23.93855094909668,105.77311706542969,5861.56982421875
2025-02-28,240.56887817382812,24.24122428894043,106.9062271118164,5954.5
2025-03-03,236.77891540527344,24.076128005981445,103.47808837890625,5849.72021484375
2025-03-04,234.68995666503906,23.617536544799805,103.26683044433594,5778.14990234375
2025-03-05,234.50096130371094,23.79180145263672,101.25027465820312,5842.6298828125
2025-03-06,234.09312438964844,24.066959381103516,103.34364318847656,5738.52001953125
2025-03-07,237.81344604492188,24.516376495361328,104.6880111694336,5770.2001953125
2025-03-10,226.2843475341797,24.4338321685791,107.35755157470703,5614.56005859375
2025-03-11,219.67926025390625,23.837657928466797,104.82246398925781,5572.06982421875
2025-03-12,215.83956909179688,23.58085060119629,104.79364013671875,5599.2998046875
2025-03-13,208.5779266357422,23.479957580566406,104.35192108154297,5521.52001953125
2025-03-14,212.36790466308594,23.59001922607422,107.45357513427734,5638.93994140625
2025-03-17,212.87522888183594,23.89269256591797,109.23966979980469,5675.1201171875
2025-03-18,211.57211303710938,24.131160736083984,109.12443542480469,5614.66015625
2025-03-19,214.10870361328125,24.039440155029297,110.8240966796875,5675.2900390625
2025-03-20,212.97471618652344,24.021099090576172,111.29463195800781,5662.89013671875
2025-03-21,217.12277221679688,24.10364532470703,110.9105224609375,5667.56005859375
2025-03-24,219.56983947753906,23.975236892700195,111.19860076904297,5767.56982421875
2025-03-25,222.57395935058594,23.434099197387695,111.95720672607422,5776.64990234375
2025-03-26,220.3656463623047,23.122255325317383,113.57044982910156,5712.2001953125
2025-03-27,222.67344665527344,22.938819885253906,113.20555877685547,5693.31005859375
2025-03-28,216.7547149658203,23.122255325317383,113.05191802978516,5580.93994140625
2025-03-31,220.9624786376953,23.241491317749023,114.20423126220703,5611.85009765625
2025-04-01,222.01690673828125,22.50774383544922,114.30986785888672,5633.06982421875
2025-04-02,222.71324157714844,22.65449333190918,113.95455169677734,5670.97021484375
2025-04-03,202.1220245361328,22.278446197509766,107.96250915527344,5396.52001953125
2025-04-04,187.389892578125,21.067760467529297,100.1939697265625,5074.080078125
2025-04-07,180.50625610351562,20.75591468811035,98.84960174560547,5062.25
2025-04-08,171.5137481689453,20.031339645385742,96.76583099365234,4982.77001953125
2025-04-09,197.8048553466797,20.62751007080078,101.5959701538086,5456.89990234375
2025-04-10,189.4191436767578,19.80204200744629,95.95921325683594,5268.0498046875
2025-04-11,197.10850524902344,20.095542907714844,99.04165649414062,5363.35986328125
2025-04-14,201.45556640625,20.28815269470215,99.28172302246094,5405.97021484375
2025-04-15,201.07754516601562,20.58165168762207,99.00325012207031,5396.6298828125
2025-04-16,193.24891662597656,20.214778900146484,100.04993438720703,5275.7001953125
2025-04-17,195.9446563720703,20.306493759155273,102.67145538330078,5282.7001953125
2025-04-21,192.144775390625,20.214778900146484,101.16384887695312,5158.2001953125
2025-04-22,198.69017028808594,20.66419792175293,103.99662780761719,5287.759765625
2025-04-23,203.52464294433594,20.535789489746094,103.10358428955078,5375.85986328125
2025-04-24,207.27481079101562,20.893495559692383,104.31351470947266,5484.77001953125
2025-04-25,208.18002319335938,21.021900177001953,104.25589752197266,5525.2099609375
2025-04-28,209.03549194335938,21.14113426208496,104.31351470947266,5528.75
2025-04-29,210.09988403320312,21.819852828979492,104.05423736572266,5560.830078125
2025-04-30,211.3831024169922,22.388507843017578,101.4327163696289,5569.06005859375
2025-05-01,212.19879150390625,21.948257446289062,101.5767593383789,5604.14013671875
2025-05-02,204.2706756591797,22.195898056030273,101.98966979980469,5686.669921875
2025-05-05,197.84463500976562,21.89322853088379,99.16649627685547,5650.3798828125
2025-05-06,197.46664428710938,20.985212326049805,100.54927062988281,5606.91015625
2025-05-07,195.218505859375,20.902667999267578,100.4532470703125,5631.27978515625
2025-05-08,196.45199584960938,21.067760467529297,101.85523223876953,5663.93994140625
2025-05-09,197.4865264892578,20.82474136352539,103.04595947265625,5659.91015625
2025-05-12,209.95704650878906,21.58183479309082,104.82246398925781,5844.18994140625
2025-05-13,212.0885772705078,21.376203536987305,105.11053466796875,5886.5498046875
2025-05-14,211.490966796875,20.58172607421875,104.16947174072266,5892.580078125
2025-05-15,210.61444091796875,21.12384033203125,105.22579956054688,5916.93017578125
2025-05-16,210.42518615722656,21.338817596435547,104.84785461425781,5958.3798828125
2025-05-19,207.9550018310547,21.497713088989258,103.18099212646484,5963.60009765625
2025-05-20,206.04258728027344,21.983749389648438,101.70793151855469,5940.4599609375
2025-05-21,201.2914276123047,21.53510284423828,100.4577865600586,5844.60986328125
2025-05-22,200.56431579589844,21.53510284423828,99.78910064697266,5842.009765625
2025-05-23,194.49838256835938,21.796810150146484,99.84724426269531,5802.81982421875
2025-05-27,199.41885375976562,22.067869186401367,100.32210540771484,5921.5400390625
2025-05-28,199.62803649902344,21.665958404541016,98.95567321777344,5888.5498046875
2025-05-29,199.15988159179688,21.918323516845703,99.51775360107422,5912.169921875
2025-05-30,200.05633544921875,21.95570945739746,99.13980865478516,5911.68994140625
2025-06-02,200.90298461914062,21.92766761779785,99.86663055419922,5935.93994140625
2025-06-03,202.46676635742188,21.82485580444336,100.59346771240234,5970.3701171875
2025-06-04,202.01856994628906,21.862239837646484,99.13980865478516,5970.81005859375
2025-06-05,199.83718872070312,21.60987663269043,98.684326171875,5939.2998046875
2025-06-06,203.11419677734375,21.82485580444336,101.04894256591797,6000.35986328125
2025-06-09,200.65394592285156,22.404356002807617,101.7273178100586,6005.8798828125
2025-06-10,201.869140625,22.712800979614258,103.90782165527344,6038.81005859375
2025-06-11,197.99452209472656,22.881044387817383,105.9332504272461,6022.240234375
2025-06-12,198.412841796875,23.217531204223633,106.34027862548828,6045.259765625
2025-06-13,195.67372131347656,22.9371280670166,108.65644836425781,5976.97021484375
2025-06-16,197.6359100341797,22.806270599365234,109.00531768798828,6033.10986328125
2025-06-17,194.86691284179688,22.432397842407227,110.4783706665039,5982.72021484375
2025-06-18,195.80320739746094,22.320234298706055,109.69338989257812,5980.8701171875
2025-06-20,200.20574951171875,22.404356002807617,111.15674591064453,5967.83984375
2025-06-23,200.70376586914062,22.460437774658203,108.2881851196289,6025.169921875
2025-06-24,199.50851440429688,22.722148895263672,104.99320983886719,6092.18017578125
2025-06-25,200.76353454589844,22.675416946411133,105.02229309082031,6092.16015625
2025-06-26,200.20574951171875,22.656721115112305,106.59223937988281,6141.02001953125
2025-06-27,200.28543090820312,22.609987258911133,106.00108337402344,6173.06982421875
2025-06-30,204.3592529296875,22.656721115112305,104.46990203857422,6204.9501953125
2025-07-01,206.99879455566406,23.404468536376953,105.86540985107422,6198.009765625
2025-07-02,211.6005401611328,23.666179656982422,107.6195068359375,6227.419921875
2025-07-03,212.70614624023438,23.722259521484375,108.73397064208984,6279.35009765625
2025-07-07,209.12037658691406,23.591402053833008,107.67764282226562,6229.97998046875
2025-07-08,209.18011474609375,23.946584701538086,110.6624984741211,6225.52001953125
2025-07-09,210.3056640625,23.8905029296875,110.28455352783203,6263.259765625
2025-07-10,211.57066345214844,24.096132278442383,111.379638671875,6280.4599609375
2025-07-11,210.32559204101562,23.974624633789062,111.86419677734375,6259.75
2025-07-14,207.7956085205078,23.694217681884766,110.40084075927734,6268.56005859375
2025-07-15,208.28369140625,23.002553939819336,109.42204284667969,6243.759765625
2025-07-16,209.3295440673828,23.002553939819336,108.76304626464844,6263.7001953125
2025-07-17,209.1901092529297,22.97451400756836,108.21065521240234,6297.35986328125
2025-07-18,210.3455047607422,22.87169647216797,104.4408187866211,6296.7900390625
2025-07-21,211.640380859375,22.675416946411133,104.71217346191406,6305.60009765625
2025-07-22,213.55276489257812,23.497936248779297,105.1870346069336,6309.6201171875
2025-07-23,213.3037872314453,23.703567504882812,106.53409576416016,6358.91015625
2025-07-24,212.91531372070312,23.694217681884766,107.3675308227539,6363.35009765625
2025-07-25,213.03485107421875,23.570613861083984,106.98957824707031,6388.64013671875
2025-07-28,213.2041778564453,23.11422348022461,107.99745178222656,6389.77001953125
2025-07-29,210.43515014648438,23.10471534729004,109.39295959472656,6370.85986328125
2025-07-30,208.2239227294922,22.638816833496094,108.44324493408203,6362.89990234375
2025-07-31,206.74978637695312,22.144397735595703,108.19126892089844,6339.39013671875
2025-08-01,201.58030700683594,22.334558486938477,106.25305938720703,6238.009765625
2025-08-04,202.54644775390625,22.372591018676758,104.05318450927734,6329.93994140625
2025-08-05,202.11814880371094,23.53257942199707,103.92720031738281,6299.18994140625
2025-08-06,212.4073486328125,22.752918243408203,103.2197494506836,6345.06005859375
2025-08-07,219.16053771972656,23.038158416748047,102.67704772949219,6340.0
2025-08-08,228.4437255859375,23.370943069458008,103.50079345703125,6389.4501953125
2025-08-11,226.53909301757812,23.370943069458008,102.56075286865234,6373.4501953125
2025-08-12,229.00213623046875,23.4375,102.85147857666016,6445.759765625
2025-08-13,232.6717529296875,23.922414779663086,104.27606964111328,6466.580078125
2025-08-14,232.12330627441406,23.874874114990234,104.0628662109375,6468.5400390625
2025-08-15,230.93666076660156,23.903396606445312,104.16068267822266,6449.7998046875
2025-08-18,230.23863220214844,23.83683967590332,104.38565826416016,6449.14990234375
2025-08-19,229.90956115722656,24.074542999267578,105.07034301757812,6411.3701171875
2025-08-20,225.3723907470703,24.131591796875,106.15605926513672,6395.77978515625
2025-08-21,224.26551818847656,24.47388458251953,106.84075164794922,6370.169921875
2025-08-22,227.11746215820312,24.606998443603516,108.84590148925781,6466.91015625
2025-08-25,226.5191650390625,23.903396606445312,109.29583740234375,6439.31982421875
2025-08-26,228.6630859375,23.694217681884766,109.05130767822266,6465.93994140625
2025-08-27,229.83978271484375,23.83683967590332,110.28376007080078,6481.39990234375
2025-08-28,231.90391540527344,23.38996124267578,110.87063598632812,6501.85986328125
2025-08-29,231.485107421875,23.542091369628906,111.7900619506836,6460.259765625
2025-09-02,229.07192993164062,23.75126838684082,112.18132019042969,6415.5400390625
2025-09-03,237.79725646972656,23.570613861083984,109.46212768554688,6448.259765625
2025-09-04,239.10353088378906,23.33291244506836,109.94140625,6502.080078125
2025-09-05,239.01380920410156,23.656187057495117,106.84075164794922,6481.5
2025-09-08,237.20892333984375,23.342418670654297,107.44718170166016,6495.14990234375
2025-09-09,233.6888885498047,23.494548797607422,108.22969055175781,6512.60986328125
2025-09-10,226.1501922607422,23.361434936523438,110.03923034667969,6532.0400390625
2025-09-11,229.38107299804688,23.637170791625977,109.68710327148438,6587.47021484375
2025-09-12,233.40968322753906,22.69586944580078,109.70665740966797,6584.2900390625
2025-09-15,236.03224182128906,22.79094886779785,109.89250183105469,6615.27978515625
2025-09-16,237.4781494140625,22.72439193725586,112.17153930664062,6606.759765625
2025-09-17,238.3157958984375,22.86701202392578,112.76820373535156,6600.35009765625
2025-09-18,237.20892333984375,22.962095260620117,111.43794250488281,6631.9599609375
2025-09-19,244.8074188232422,22.847997665405273,110.35221862792969,6664.35986328125
2025-09-22,255.35755920410156,22.857507705688477,109.56971740722656,6693.75
2025-09-23,253.7122344970703,22.943077087402344,111.45750427246094,6656.919921875
2025-09-24,251.59820556640625,22.905046463012695,112.05416107177734,6637.97021484375
2025-09-25,256.14532470703125,22.43914794921875,113.06163024902344,6604.72021484375
2025-09-26,254.7393341064453,22.591279983520508,114.65597534179688,6643.7001953125
2025-09-29,253.7122344970703,22.676851272583008,111.72160339355469,6661.2099609375
2025-09-30,253.9116668701172,24.226673126220703,110.28376007080078,6688.4599609375
2025-10-01,254.72933959960938,25.8715763092041,109.54037475585938,6711.2001953125
2025-10-02,256.40460205078125,25.74797248840332,108.8556900024414,6715.35009765625
2025-10-03,257.2920837402344,26.023706436157227,110.78260040283203,6715.7900390625
2025-10-06,255.9658660888672,25.12994384765625,111.70203399658203,6740.27978515625
2025-10-07,255.75645446777344,24.977815628051758,111.76072692871094,6714.58984375
2025-10-08,257.33197021484375,24.41683578491211,111.52597045898438,6753.72021484375
2025-10-09,253.32330322265625,23.998477935791016,110.44026184082031,6735.10986328125
2025-10-10,244.57806396484375,23.561105728149414,108.30793762207031,6552.509765625
2025-10-13,246.96133422851562,23.513565063476562,109.78490447998047,6654.72021484375
2025-10-14,247.07101440429688,23.31389617919922,109.83380889892578,6644.31005859375
2025-10-15,248.63658142089844,23.190288543701172,109.16868591308594,6671.06005859375
2025-10-16,246.7519073486328,23.038158416748047,108.21990966796875,6629.06982421875
2025-10-17,251.5782470703125,23.30438804626465,109.78490447998047,6664.009765625
2025-10-20,261.50018310546875,23.475534439086914,110.2348403930664,6735.1298828125
2025-10-21,262.0286865234375,23.627662658691406,110.24462890625,6735.35009765625
2025-10-22,257.7209167480469,23.504056930541992,112.20088195800781,6699.39990234375
2025-10-23,258.8476867675781,23.456518173217773,113.44310760498047,6738.43994140625
2025-10-24,262.07855224609375,23.542091369628906,112.86600494384766,6791.68994140625
2025-10-27,268.0516357421875,23.551599502563477,113.40397644042969,6875.16015625
2025-10-28,268.2410888671875,23.294878005981445,112.51387786865234,6890.89013671875
2025-10-29,268.93914794921875,23.0952091217041,113.9028091430664,6890.58984375
2025-10-30,270.63433837890625,23.0952091217041,112.18132019042969,6822.33984375
2025-10-31,269.60723876953125,23.4375,111.85853576660156,6840.2001953125
2025-11-03,268.2909851074219,23.44700813293457,111.27166748046875,6851.97021484375
2025-11-04,269.2781982421875,23.10471534729004,111.64334869384766,6771.5498046875
2025-11-05,269.3778991699219,23.39946746826172,111.19342041015625,6796.2900390625
2025-11-06,269.0089416503906,23.627662658691406,111.9954833984375,6720.31982421875
2025-11-07,267.7126159667969,23.637338638305664,114.65597534179688,6728.7998046875
2025-11-10,268.9303283691406,23.598636627197266,115.63410949707031,6832.43017578125
2025-11-11,274.73956298828125,24.682296752929688,117.15998077392578,6846.60986328125
2025-11-12,272.962890625,25.030616760253906,115.53629302978516,6850.919921875
2025-11-13,272.4438171386719,24.95321273803711,116.19164276123047,6737.490234375
2025-11-14,271.90484619140625,24.246896743774414,117.70126342773438,6734.10986328125
2025-11-17,266.9639892578125,24.26624870300293,116.11270141601562,6672.41015625
2025-11-18,266.94403076171875,24.624244689941406,117.44471740722656,6617.31982421875
2025-11-19,268.0619812011719,24.072736740112305,115.78709411621094,6642.16015625
2025-11-20,265.7562561035156,23.60831069946289,115.46148681640625,6538.759765625
2025-11-21,270.98651123046875,24.22754669189453,115.52069091796875,6602.990234375
2025-11-24,275.4083557128906,24.40170669555664,114.42547607421875,6705.1201171875
2025-11-25,276.45635986328125,24.885482788085938,112.98491668701172,6765.8798828125
2025-11-26,277.0353088378906,24.87580680847168,113.241455078125,6812.60986328125
2025-11-28,278.3328857421875,24.90483283996582,114.37613677978516,6849.08984375
2025-12-01,282.57501220703125,24.450084686279297,115.0766830444336,6812.6298828125
2025-12-02,285.6592712402344,24.33397674560547,113.84333038330078,6829.3701171875
2025-12-03,283.623046875,24.74034881591797,116.2311019897461,6849.72021484375
2025-12-04,280.179443359375,24.866130828857422,115.57988739013672,6857.1201171875
2025-12-05,278.26300048828125,25.1854248046875,114.9878921508789,6870.39990234375
2025-12-08,277.3746643066406,24.933860778808594,114.43534088134766,6846.509765625
2025-12-09,276.6659851074219,24.508136749267578,116.67510986328125,6840.509765625
2025-12-10,278.26300048828125,24.94353675842285,117.94792938232422,6886.68017578125
2025-12-11,277.514404296875,24.962886810302734,117.94792938232422,6901.0
2025-12-12,277.763916015625,25.01126480102539,117.23751831054688,6827.41015625
2025-12-15,273.6016540527344,25.572446823120117,116.19164276123047,6816.509765625
2025-12-16,274.1007385253906,24.701648712158203,113.15265655517578,6800.259765625
2025-12-17,271.33587646484375,24.22754669189453,115.84630584716797,6721.43017578125
2025-12-18,271.68524169921875,24.22754669189453,114.9878921508789,6774.759765625
2025-12-19,273.1625061035156,24.3726806640625,115.1358871459961,6834.5
2025-12-22,270.4674987792969,24.39202880859375,116.57644653320312,6878.490234375
2025-12-23,271.85491943359375,24.072736740112305,117.82952880859375,6909.7900390625
2025-12-24,273.3022155761719,24.217872619628906,117.63218688964844,6932.0498046875
2025-12-26,272.89300537109375,24.275922775268555,117.5236587524414,6929.93994140625
2025-12-29,273.2523498535156,24.188844680786133,118.92474365234375,6905.740234375
2025-12-30,272.57354736328125,24.179168701171875,119.37861633300781,6896.240234375
2025-12-31,271.3558349609375,24.09208869934082,118.73727416992188,6845.5
2026-01-02,270.5074462890625,24.363004684448242,121.01651763916016,6858.47021484375
2026-01-05,266.764404296875,24.35332679748535,123.69042205810547,6902.0498046875
2026-01-06,261.87347412109375,24.60489273071289,119.43782043457031,6944.81982421875
2026-01-07,259.84722900390625,24.459758758544922,116.91191101074219,6920.93017578125
2026-01-08,258.55963134765625,24.469436645507812,121.27305603027344,6921.4599609375
2026-01-09,258.8890075683594,24.653270721435547,122.95040893554688,6966.27978515625
2026-01-12,259.7673645019531,24.450084686279297,122.37812805175781,6977.27001953125
2026-01-13,260.5658874511719,24.33397674560547,124.85469818115234,6963.740234375
2026-01-14,259.4779052734375,24.750024795532227,128.4659423828125,6926.60009765625
2026-01-15,257.7311706542969,25.049964904785156,127.41020965576172,6944.47021484375
2026-01-16,255.05612182617188,24.817752838134766,128.1600799560547,6940.009765625
2026-01-20,246.2425079345703,24.691972732543945,128.72250366210938,6796.85986328125
2026-01-21,247.1907501220703,25.049964904785156,131.83055114746094,6875.6201171875
2026-01-22,247.8894500732422,25.25315284729004,131.8601531982422,6913.35009765625
2026-01-23,247.58001708984375,25.233476638793945,133.17242431640625,6915.60986328125
2026-01-26,254.93637084960938,25.459741592407227,133.0441436767578,6950.22998046875
2026-01-27,257.7910461425781,26.06967544555664,135.00765991210938,6978.60009765625
2026-01-28,255.96444702148438,25.440067291259766,135.74766540527344,6978.02978515625
2026-01-29,257.801025390625,25.676170349121094,138.63864135742188,6969.009765625
2026-01-30,258.99884033203125,26.010648727416992,139.51678466796875,6939.02978515625
2026-02-02,269.50927734375,26.227075576782227,136.55674743652344,6976.43994140625
2026-02-03,268.98028564453125,25.351530075073242,141.81576538085938,6917.81005859375
2026-02-04,275.97723388671875,26.345129013061523,145.6243438720703,6882.72021484375
2026-02-05,275.3983459472656,26.059837341308594,144.13446044921875,6798.39990234375
2026-02-06,277.6042175292969,26.777982711791992,147.06491088867188,6932.2998046875
2026-02-09,274.3672180175781,26.610742568969727,149.19615173339844,6964.81982421875
2026-02-10,273.4280700683594,27.161649703979492,149.57107543945312,6941.81005859375
2026-02-11,275.24639892578125,27.279701232910156,153.4882049560547,6941.47021484375
2026-02-12,261.4891052246094,27.023921966552734,148.91920471191406,6832.759765625
2026-02-13,255.5445556640625,27.132137298583984,147.44918823242188,6836.169921875
2026-02-17,263.6371154785156,26.925548553466797,145.20443725585938,6843.22021484375
2026-02-18,264.106689453125,26.925548553466797,149.66415405273438,6881.31005859375
2026-02-19,260.3401184082031,26.423830032348633,149.95220947265625,6861.89013671875
2026-02-20,264.3364562988281,26.217239379882812,146.28707885742188,6909.509765625
2026-02-23,265.9349670410156,26.620580673217773,149.74362182617188,6837.75
2026-02-24,271.8895263671875,26.699281692504883,148.25372314453125,6890.06982421875
2026-02-25,273.97760009765625,26.650094985961914,148.05508422851562,6946.1298828125
2026-02-26,272.6987609863281,26.659931182861328,147.53857421875,6908.85986328125
2026-02-27,263.93682861328125,27.201000213623047,151.47189331054688,6878.8798828125
2026-03-02,264.476318359375,26.817333221435547,153.1802978515625,6881.6201171875
2026-03-03,263.5072326660156,26.14837646484375,150.80641174316406,6816.6298828125
2026-03-04,262.2783508300781,26.187726974487305,148.80996704101562,6869.5
2026-03-05,260.0504150390625,26.177888870239258,149.74362182617188,6830.7099609375
2026-03-06,257.2229919433594,26.610742568969727,150.1905975341797,6740.02001953125
2026-03-09,259.6407775878906,26.3746395111084,149.42578125,6795.990234375
2026-03-10,260.58990478515625,26.718957901000977,147.13136291503906,6781.47998046875
2026-03-11,260.5699157714844,26.8566837310791,150.55809020996094,6775.7998046875
2026-03-12,255.52456665039062,26.423830032348633,152.4949493408203,6672.6201171875
2026-03-13,249.8897705078125,26.14837646484375,155.06747436523438,6632.18994140625
2026-03-16,252.58729553222656,26.177888870239258,156.1699981689453,6699.3798828125
2026-03-17,253.99598693847656,27.004249572753906,157.73934936523438,6716.08984375
2026-03-18,249.70994567871094,26.876358032226562,156.52757263183594,6624.7001953125
2026-03-19,248.73085021972656,26.96489715576172,157.09373474121094,6606.490234375
2026-03-20,247.76173400878906,26.532041549682617,158.5935516357422,6506.47998046875
2026-03-23,251.25851440429688,26.335290908813477,160.04371643066406,6581.0
2026-03-24,251.4083709716797,26.52220344543457,164.2650604248047,6556.3701171875
2026-03-25,252.38746643066406,26.83700942993164,162.1593475341797,6591.89990234375
2026-03-26,252.6572265625,27.122299194335938,164.31471252441406,6477.16015625
2026-03-27,248.57098388671875,26.600906372070312,169.8372344970703,6368.85009765625
2026-03-30,246.40298461914062,27.31905174255371,170.31399536132812,6343.72021484375
2026-03-31,253.55638122558594,27.6240177154541,168.51620483398438,6528.52001953125
2026-04-01,255.3946990966797,28.086383819580078,159.69607543945312,6575.31982421875
2026-04-02,255.68443298339844,27.86012077331543,159.60667419433594,6582.68994140625
2026-04-06,258.6217041015625,27.378076553344727,162.2686004638672,6611.830078125
2026-04-07,253.26666259765625,26.659931182861328,162.8049774169922,6616.85009765625
2026-04-08,258.66168212890625,27.023921966552734,155.16680908203125,6782.81005859375
2026-04-09,260.2502136230469,26.777982711791992,153.99476623535156,6824.66015625
2026-04-10,260.240234375,26.48285484313965,151.4818115234375,6816.89013671875
2026-04-13,258.96142578125,26.896034240722656,151.61094665527344,6886.240234375
2026-04-14,258.59173583984375,26.669769287109375,148.23387145996094,6967.3798828125
2026-04-15,266.18475341796875,26.748470306396484,148.0054168701172,7022.9501953125
2026-04-16,263.15753173828125,26.777982711791992,150.9553985595703,7041.27978515625
2026-04-17,269.98126220703125,27.11246109008789,145.45274353027344,7126.06005859375
2026-04-20,272.79864501953125,27.07311248779297,146.6843719482422,7109.14013671875
2026-04-21,265.9250183105469,26.866519927978516,147.35980224609375,7064.009765625
2026-04-22,272.9185791015625,26.364803314208984,148.4921112060547,7137.89990234375
2026-04-23,273.1783142089844,26.236913681030273,149.51516723632812,7108.39990234375
2026-04-24,270.81048583984375,26.561555862426758,147.90609741210938,7165.080078125
2026-04-27,267.3636474609375,26.35496711730957,147.19094848632812,7173.91015625
2026-04-28,270.4608154296875,26.049999237060547,149.5449676513672,7138.7998046875
2026-04-29,269.92132568359375,25.833572387695312,153.62725830078125,7135.9501953125
2026-04-30,271.1002502441406,26.266427993774414,153.28955078125,7209.009765625
2026-05-01,279.88214111328125,25.902435302734375,151.72019958496094,7230.1201171875
2026-05-04,276.5751647949219,25.872920989990234,152.65386962890625,7200.75
2026-05-05,283.9184265136719,26.02048683166504,153.83584594726562,7259.22021484375
2026-05-06,287.245361328125,26.09918785095215,147.6875762939453,7365.1201171875
2026-05-07,287.1754150390625,26.049999237060547,145.591796875,7337.10986328125
2026-05-08,293.0500183105469,25.68000030517578,143.59535217285156,7398.93017578125
2026-05-11,292.67999267578125,25.809999465942383,148.6708984375,7412.83984375
2026-05-12,294.79998779296875,25.8700008392334,149.614501953125,7400.9599609375
2026-05-13,298.8699951171875,25.959999084472656,150.5481719970703,7444.25
2026-05-14,298.2099914550781,25.75,151.75,7501.240234375
2026-05-15,300.2300109863281,25.329999923706055,157.9199981689453,7408.5
2026-05-18,297.8399963378906,25.329999923706055,160.49000549316406,7403.0498046875
2026-05-19,298.9700012207031,25.65999984741211,162.5500030517578,7353.60986328125
2026-05-20,302.25,25.790000915527344,156.27999877929688,7432.97021484375
2026-05-21,304.989990234375,25.950000762939453,155.2899932861328,7445.72021484375
2026-05-22,308.82000732421875,25.899999618530273,154.9199981689453,7473.47021484375
2026-05-26,308.3299865722656,25.850000381469727,149.80999755859375,7519.1201171875
2026-05-27,310.8500061035156,26.209999084472656,147.89999389648438,7520.35986328125
2026-05-28,312.510009765625,26.139999389648438,146.9600067138672,7563.6298828125
2026-05-29,312.05999755859375,26.18000030517578,145.25999450683594,7580.06005859375
2026-06-01,306.30999755859375,25.6299991607666,149.3800048828125,7599.9599609375
2026-06-02,315.20001220703125,25.549999237060547,149.55999755859375,7609.77978515625
2026-06-03,310.260009765625,25.34000015258789,152.52999877929688,7553.68017578125
2026-06-04,311.2300109863281,25.690000534057617,152.0399932861328,7584.31005859375
2026-06-05,307.3399963378906,26.040000915527344,149.9199981689453,7383.740234375
2026-06-08,301.5400085449219,25.6200008392334,151.75,7405.72998046875
2026-06-09,290.54998779296875,25.700000762939453,148.91000366210938,7386.64990234375
2026-06-10,291.5799865722656,25.600000381469727,150.6199951171875,7266.990234375
2026-06-11,295.6300048828125,26.170000076293945,146.60000610351562,7394.2998046875
2026-06-12,291.1300048828125,26.209999084472656,147.00999450683594,7431.4599609375
2026-06-15,296.4200134277344,26.0,140.9199981689453,7554.2900390625
2026-06-16,299.239990234375,26.040000915527344,141.86000061035156,7511.35009765625
2026-06-17,295.95001220703125,25.920000076293945,140.74000549316406,7420.10009765625
2026-06-18,298.010009765625,25.209999084472656,137.80999755859375,7500.580078125
2026-06-22,297.010009765625,25.079999923706055,138.47000122070312,7472.7900390625
2026-06-23,294.29998779296875,24.719999313354492,139.72999572753906,7365.4599609375
2026-06-24,293.0799865722656,24.040000915527344,136.89999389648438,7358.22021484375
2026-06-25,275.1499938964844,23.670000076293945,137.5500030517578,7357.490234375
2026-06-26,283.7799987792969,24.290000915527344,136.5399932861328,7354.02001953125
2026-06-29,281.739990234375,24.3700008392334,136.05999755859375,7440.43017578125
2026-06-30,289.3599853515625,24.079999923706055,136.72000122070312,7499.35986328125
