Date,AAPL,MSFT,AMZN,GOOGL,META,NVDA,TSLA
2025-07-01,207.00,488.15,220.46,175.34,716.87,153.27,300.71
2025-07-02,211.60,487.20,219.92,178.13,711.24,157.22,315.65
2025-07-03,212.71,494.89,223.41,179.02,716.66,159.31,315.35
2025-07-07,209.12,493.78,223.47,176.29,716.00,158.21,293.94
2025-07-08,209.18,492.68,219.36,173.86,718.32,159.97,297.81
2025-07-09,210.31,499.52,222.54,176.12,730.39,162.85,295.88
2025-07-10,211.57,497.51,222.26,177.11,724.86,164.07,309.87
2025-07-11,210.33,499.33,225.02,179.68,715.17,164.89,313.51
2025-07-14,207.80,499.03,225.69,181.04,718.56,164.04,316.90
2025-07-15,208.28,501.81,226.35,181.48,708.07,170.67,310.78
2025-07-16,209.33,501.61,223.19,182.45,700.61,171.34,321.67
2025-07-17,209.19,507.65,223.88,183.06,699.12,172.97,319.41
2025-07-18,210.35,506.01,226.13,184.53,701.98,172.38,329.65
2025-07-21,211.64,506.02,229.30,189.56,710.64,171.35,328.49
2025-07-22,213.55,501.27,227.47,190.80,702.51,167.00,332.11
2025-07-23,213.30,501.86,228.29,189.69,711.25,170.75,332.56
2025-07-24,212.92,506.83,232.23,191.62,712.46,173.71,305.30
2025-07-25,213.03,509.64,231.44,192.63,710.35,173.47,316.06
2025-07-28,213.20,508.44,232.79,192.03,715.29,176.72,325.59
2025-07-29,210.44,508.51,231.01,195.19,697.71,175.48,321.20
2025-07-30,208.22,509.17,230.19,195.97,692.94,179.24,319.04
2025-07-31,206.75,529.27,234.11,191.35,770.91,177.84,308.27
2025-08-01,201.58,519.96,214.75,188.59,747.56,173.69,302.63
2025-08-04,202.55,531.40,211.65,194.49,773.83,179.97,309.26
2025-08-05,202.12,523.57,213.75,194.12,760.97,178.23,308.72
2025-08-06,212.41,520.78,222.31,195.53,769.47,179.39,319.91
2025-08-07,219.16,516.71,223.13,195.96,759.34,180.74,322.27
2025-08-08,228.44,517.90,222.69,200.85,766.79,182.67,329.65
2025-08-11,226.54,517.64,221.30,200.43,763.37,182.03,339.03
2025-08-12,229.00,525.05,221.47,202.76,787.42,183.13,340.84
2025-08-13,232.67,516.45,224.56,201.39,777.53,181.56,339.38
2025-08-14,232.12,518.34,230.98,202.36,779.57,181.99,335.58
2025-08-15,230.94,516.05,231.03,203.32,782.66,180.42,330.56
2025-08-18,230.24,513.00,231.49,202.92,764.86,181.98,335.16
2025-08-19,229.91,505.73,228.01,201.00,749.03,175.61,329.31
2025-08-20,225.37,501.71,223.81,198.75,745.28,175.37,323.90
2025-08-21,224.27,501.07,221.95,199.18,736.69,174.95,320.11
2025-08-22,227.12,504.04,228.84,205.50,752.32,177.96,340.01
2025-08-25,226.52,501.09,227.94,207.90,750.84,179.78,346.60
2025-08-26,228.66,498.88,228.71,206.55,751.64,181.74,351.67
2025-08-27,229.84,503.55,229.12,206.89,744.94,181.57,349.60
2025-08-28,231.90,506.43,231.60,211.04,748.66,180.14,345.98
2025-08-29,231.49,503.50,229.00,212.30,736.29,174.15,333.87
2025-09-02,229.07,501.94,225.34,210.75,732.71,170.75,329.36
2025-09-03,237.80,502.17,225.99,230.00,734.64,170.59,334.09
2025-09-04,239.10,504.77,235.68,231.64,746.20,171.63,338.53
2025-09-05,239.01,491.88,232.33,234.33,749.99,166.99,350.84
2025-09-08,237.21,495.06,235.84,233.58,749.84,168.28,346.40
2025-09-09,233.69,495.27,238.24,239.16,763.20,170.73,346.97
2025-09-10,226.15,497.22,230.33,238.70,749.52,177.30,347.79
2025-09-11,229.38,497.86,229.95,239.90,748.45,177.15,368.81
2025-09-12,233.41,506.69,228.15,240.33,753.12,177.80,395.94
2025-09-15,236.03,512.12,231.43,251.12,762.20,177.73,410.04
2025-09-16,237.48,505.84,234.05,250.67,776.46,174.86,421.62
2025-09-17,238.32,506.81,231.62,249.04,773.19,170.27,425.86
2025-09-18,237.21,505.25,231.23,251.54,777.70,176.22,416.85
2025-09-19,244.81,514.67,231.48,254.22,775.84,176.65,426.07
2025-09-22,255.36,511.21,227.63,252.04,763.18,183.59,434.21
2025-09-23,253.71,506.03,220.71,251.17,753.44,178.41,425.85
2025-09-24,251.60,506.94,220.21,246.66,758.69,176.95,442.79
2025-09-25,256.15,503.84,218.15,245.31,746.97,177.67,423.39
2025-09-26,254.74,508.24,219.78,246.06,741.82,178.17,440.40
2025-09-29,253.71,511.36,222.17,243.57,741.47,181.83,443.21
2025-09-30,253.91,514.69,219.57,242.63,732.47,186.56,444.72
2025-10-01,254.73,516.44,220.63,244.42,715.48,187.22,459.46
2025-10-02,256.40,512.49,222.41,245.21,725.16,188.87,436.00
2025-10-03,257.29,514.09,219.51,244.87,708.72,187.60,429.83
2025-10-06,255.97,525.24,220.90,249.94,713.80,185.52,453.25
2025-10-07,255.76,520.68,221.78,245.28,711.23,185.02,433.09
2025-10-08,257.33,521.55,225.22,244.14,715.98,189.09,438.69
2025-10-09,253.32,519.11,227.74,241.06,731.61,192.55,435.54
2025-10-10,244.58,507.74,216.37,236.11,703.47,183.14,413.49
2025-10-13,246.96,510.81,220.07,243.67,713.84,188.30,435.90
2025-10-14,247.07,510.34,216.39,244.97,706.81,180.01,429.24
2025-10-15,248.64,510.20,215.57,250.54,715.69,179.81,435.15
2025-10-16,246.75,508.39,214.47,250.97,710.22,181.79,428.75
2025-10-17,251.58,510.35,213.04,252.81,715.06,183.20,439.31
2025-10-20,261.50,513.54,216.48,256.05,730.27,182.62,447.43
2025-10-21,262.03,514.40,222.03,249.97,731.37,181.14,442.60
2025-10-22,257.72,517.26,217.95,251.20,731.51,180.26,438.97
2025-10-23,258.85,517.28,221.09,252.59,732.10,182.14,448.98
2025-10-24,262.08,520.31,224.21,259.41,736.44,186.24,433.72
2025-10-27,268.05,528.17,226.97,268.74,748.87,191.47,452.42
2025-10-28,268.24,538.66,229.25,266.95,749.49,201.01,460.55
2025-10-29,268.94,538.14,230.30,274.03,749.72,207.02,461.51
2025-10-30,270.63,522.45,222.86,280.93,664.74,202.87,440.10
2025-10-31,269.61,514.55,244.22,280.64,646.67,202.47,456.56
2025-11-03,268.29,513.78,254.00,283.17,636.06,206.86,468.37
2025-11-04,269.28,511.09,249.32,277.00,625.69,198.67,444.26
2025-11-05,269.38,503.97,250.20,283.75,634.30,195.19,462.07
2025-11-06,269.01,493.97,243.04,284.19,617.33,188.06,445.91
2025-11-07,267.71,493.69,244.41,278.29,620.10,188.13,429.52
2025-11-10,268.93,502.82,248.40,289.53,630.12,199.03,445.23
2025-11-11,274.74,505.48,249.10,290.74,625.45,193.14,439.62
2025-11-12,272.96,507.92,244.20,286.15,607.43,193.78,430.60
2025-11-13,272.44,500.12,237.58,278.03,608.31,186.84,401.99
2025-11-14,271.90,506.97,234.69,275.87,607.88,190.15,404.35
2025-11-17,266.96,504.30,232.87,284.46,600.45,186.58,408.92
2025-11-18,266.94,490.68,222.55,283.72,596.14,181.34,401.25
2025-11-19,268.06,484.05,222.69,292.24,588.79,186.50,403.99
2025-11-20,265.76,476.31,217.14,288.88,587.62,180.62,395.23
2025-11-21,270.99,470.03,220.69,299.07,592.71,178.86,391.09
2025-11-24,275.41,471.90,226.28,317.96,611.46,182.53,417.78
2025-11-25,276.46,474.88,229.67,322.81,634.57,177.80,419.40
2025-11-26,277.04,483.35,229.16,319.33,631.97,180.24,426.58
2025-11-28,278.33,489.83,233.22,319.55,646.27,176.98,430.17
2025-12-01,282.58,484.58,233.88,314.28,639.21,179.90,430.14
2025-12-02,285.66,487.83,234.42,315.19,645.42,181.44,429.24
2025-12-03,283.62,475.61,232.38,319.01,637.94,179.57,446.74
2025-12-04,280.18,478.71,229.11,317.00,659.81,183.37,454.53
2025-12-05,278.26,481.02,229.53,320.64,671.67,182.40,455.00
2025-12-08,277.37,488.84,226.89,313.31,665.07,185.54,439.58
2025-12-09,276.67,489.84,227.92,316.67,655.26,184.96,445.17
2025-12-10,278.26,476.44,231.78,319.79,648.44,183.77,451.45
2025-12-11,277.51,481.33,230.28,312.02,651.02,180.92,446.89
2025-12-12,277.76,476.41,226.19,308.89,642.56,175.01,458.96
2025-12-15,273.60,472.71,222.54,307.82,646.36,176.28,475.31
2025-12-16,274.10,474.28,222.56,306.17,655.98,177.71,489.88
2025-12-17,271.34,474.01,221.27,296.33,648.34,170.93,467.26
2025-12-18,271.69,481.83,226.76,302.07,663.27,174.13,483.37
2025-12-19,273.16,483.77,227.35,306.76,657.60,180.98,481.20
2025-12-22,270.47,482.77,228.43,309.38,660.32,183.68,488.73
2025-12-23,271.85,484.69,232.14,313.94,663.76,189.20,485.56
2025-12-24,273.30,485.86,232.38,313.68,666.36,188.60,485.40
2025-12-26,272.89,485.55,232.52,313.10,662.11,190.52,475.19
2025-12-29,273.25,484.94,232.07,313.15,657.52,188.21,459.64
2025-12-30,272.57,485.32,232.53,313.44,664.76,187.53,454.43
2025-12-31,271.36,481.48,230.82,312.59,658.91,186.49,449.72
2026-01-02,270.51,470.84,226.50,314.74,649.25,188.84,438.07
2026-01-05,266.76,470.75,233.06,316.13,657.62,188.11,451.67
2026-01-06,261.87,476.39,240.93,313.93,659.44,187.23,432.96
2026-01-07,259.85,481.33,241.56,321.56,647.53,189.10,431.41
2026-01-08,258.56,475.99,246.29,325.02,644.91,185.03,435.80
2026-01-09,258.89,477.16,247.38,328.14,651.90,184.85,445.01
2026-01-12,259.77,475.06,246.47,331.43,640.83,184.93,448.96
2026-01-13,260.57,468.58,242.60,335.53,629.97,185.80,447.20
2026-01-14,259.48,457.34,236.65,335.40,614.42,183.13,439.20
2026-01-15,257.73,454.64,238.18,332.35,619.69,187.04,438.57
2026-01-16,255.06,457.82,239.12,329.57,619.15,186.22,437.50
2026-01-20,246.24,452.50,231.00,321.58,603.04,178.06,419.25
2026-01-21,247.19,442.14,231.31,327.95,611.87,183.31,431.44
2026-01-22,247.89,449.14,234.34,330.11,646.48,184.83,449.36
2026-01-23,247.58,463.88,239.16,327.50,657.59,187.66,449.06
2026-01-26,254.94,468.20,238.42,332.83,671.16,186.46,435.20
2026-01-27,257.79,478.45,244.68,334.12,671.77,188.51,430.90
2026-01-28,255.96,479.49,243.01,335.57,667.54,191.51,431.46
2026-01-29,257.80,431.58,241.73,337.81,737.00,192.50,416.56
2026-01-30,259.00,428.38,239.30,337.56,715.22,191.12,430.41
2026-02-02,269.51,421.49,242.96,343.24,705.15,185.60,421.81
2026-02-03,268.98,409.39,238.62,339.27,690.47,180.33,421.96
2026-02-04,275.98,412.35,232.99,332.61,667.80,174.18,406.01
2026-02-05,275.40,391.92,222.69,330.82,669.02,171.87,397.21
2026-02-06,277.60,399.36,210.32,322.44,660.28,185.40,411.11
2026-02-09,274.37,411.77,208.72,323.90,676.01,190.03,417.32
2026-02-10,273.43,411.44,206.96,318.17,669.53,188.53,425.21
2026-02-11,275.25,402.58,204.08,310.56,667.50,190.04,428.27
2026-02-12,261.49,400.06,199.60,308.60,648.65,186.93,417.07
2026-02-13,255.54,399.54,198.79,305.32,638.63,182.80,417.44
2026-02-17,263.64,395.10,201.15,301.63,638.15,184.96,410.63
2026-02-18,264.11,397.83,204.79,302.94,642.07,187.97,411.32
2026-02-19,260.34,397.60,204.86,302.46,643.63,187.89,411.71
2026-02-20,264.34,396.37,210.11,314.57,654.49,189.81,411.82
2026-02-23,265.93,383.64,205.27,311.09,636.12,191.54,399.83
2026-02-24,271.89,388.16,208.56,310.50,638.16,192.84,409.38
2026-02-25,273.98,399.73,210.64,312.49,652.53,195.55,417.40
2026-02-26,272.70,400.85,207.92,306.98,655.84,184.88,408.58
2026-02-27,263.94,391.89,210.00,311.35,647.03,177.18,402.51
2026-03-02,264.48,397.69,208.39,306.12,652.40,182.47,403.32
2026-03-03,263.51,403.06,208.73,303.19,653.91,180.04,392.43
2026-03-04,262.28,404.32,216.82,302.74,666.54,183.03,405.94
2026-03-05,260.05,409.79,218.94,300.49,659.39,183.33,405.55
2026-03-06,257.22,408.08,213.21,298.13,643.71,177.81,396.73
2026-03-09,259.64,408.53,213.49,306.18,646.24,182.64,398.68
2026-03-10,260.59,404.88,214.33,306.86,652.91,184.76,399.24
2026-03-11,260.57,404.00,212.65,308.52,653.69,186.03,407.82
2026-03-12,255.52,400.99,209.53,303.37,637.04,183.14,395.01
2026-03-13,249.89,394.70,207.67,302.10,612.62,180.25,391.20
2026-03-16,252.59,399.09,211.74,305.38,626.87,183.22,395.56
2026-03-17,254.00,398.55,215.20,310.73,622.08,181.93,399.27
2026-03-18,249.71,390.94,209.87,307.51,615.11,180.40,392.78
2026-03-19,248.73,388.18,208.76,306.95,606.14,178.56,380.30
2026-03-20,247.76,381.04,205.37,300.82,593.11,172.70,367.96
2026-03-23,251.26,382.17,210.14,301.88,603.50,175.64,380.85
2026-03-24,251.41,371.93,207.24,290.27,592.37,175.20,383.03
2026-03-25,252.39,370.24,211.71,290.76,594.34,178.68,385.95
2026-03-26,252.66,365.18,207.54,280.75,547.03,171.24,372.11
2026-03-27,248.57,356.00,199.34,274.18,525.23,167.52,361.83
2026-03-30,246.40,358.18,200.95,273.34,535.88,165.17,355.28
2026-03-31,253.56,369.37,208.27,287.39,571.60,174.40,371.75
2026-04-01,255.39,368.57,210.57,297.21,578.69,175.75,381.26
2026-04-02,255.68,372.65,209.77,295.59,573.93,177.39,360.59
2026-04-06,258.62,372.07,212.79,299.81,572.49,177.64,352.82
2026-04-07,253.27,371.49,213.77,305.28,574.52,178.10,346.65
2026-04-08,258.66,373.52,221.25,317.13,611.85,182.08,343.25
2026-04-09,260.25,372.26,233.65,318.30,627.81,183.91,345.62
2026-04-10,260.24,370.07,238.38,317.05,629.28,188.63,348.95
2026-04-13,258.96,383.54,239.89,321.12,633.94,189.31,352.42
2026-04-14,258.59,392.26,249.02,332.71,661.88,196.51,364.20
2026-04-15,266.18,410.33,248.50,336.92,670.96,198.87,391.95
2026-04-16,263.16,419.35,249.70,335.82,676.24,198.35,388.90
2026-04-17,269.98,421.88,250.56,341.48,687.91,201.68,400.62
2026-04-20,272.80,417.17,248.28,337.22,670.29,202.06,392.50
2026-04-21,265.93,423.24,249.91,332.09,668.22,199.88,386.42
2026-04-22,272.92,431.98,255.36,339.12,674.10,202.50,387.51
2026-04-23,273.18,414.85,255.08,338.69,658.54,199.64,373.72
2026-04-24,270.81,423.70,263.99,344.19,674.40,208.27,376.30
2026-04-27,267.36,423.90,261.12,350.13,677.99,216.61,378.67
2026-04-28,270.46,428.32,259.70,349.57,670.72,213.17,376.02
2026-04-29,269.92,423.54,263.04,349.73,668.50,209.25,372.80
2026-04-30,271.10,406.90,265.06,384.57,611.34,199.57,381.63
2026-05-01,279.88,413.54,268.26,385.46,608.19,198.45,390.82
2026-05-04,276.58,412.73,272.05,383.02,609.84,198.48,392.51
2026-05-05,283.92,410.49,273.55,388.20,604.40,196.50,389.37
2026-05-06,287.25,413.07,274.99,397.80,612.31,207.83,398.73
2026-05-07,287.18,419.86,271.17,397.75,616.24,211.50,411.79
2026-05-08,293.05,414.22,272.68,400.56,609.07,215.20,428.35
2026-05-11,292.68,411.77,268.99,388.41,598.31,219.44,445.00
2026-05-12,294.80,406.89,265.82,387.12,602.44,220.78,433.45
2026-05-13,298.87,404.33,270.13,402.38,616.06,225.83,445.27
2026-05-14,298.21,408.55,267.22,400.83,617.86,235.74,443.30
2026-05-15,300.23,421.01,264.14,396.54,613.66,225.32,422.24
2026-05-18,297.84,422.62,264.86,396.70,610.64,222.32,409.99
2026-05-19,298.97,416.52,259.34,387.43,602.05,220.61,404.11
2026-05-20,302.25,420.15,265.01,388.68,604.50,223.47,417.26
2026-05-21,304.99,419.09,268.46,387.43,606.82,219.51,417.85
2026-05-22,308.82,418.57,266.32,382.74,609.69,215.33,426.01
2026-05-26,308.33,416.03,265.29,388.65,611.77,214.86,433.59
2026-05-27,310.85,412.67,271.85,388.60,634.67,212.60,440.36
2026-05-28,312.51,426.99,274.00,389.90,634.70,214.25,442.10
2026-05-29,312.06,450.24,270.64,380.11,631.92,211.14,435.79
2026-06-01,306.31,460.52,261.26,376.15,599.91,224.36,415.88
2026-06-02,315.20,441.31,256.52,361.63,597.08,222.82,423.74
2026-06-03,310.26,427.34,250.02,358.78,622.40,214.75,423.70
2026-06-04,311.23,428.05,253.79,371.97,626.99,218.66,418.45
2026-06-05,307.34,416.67,246.03,368.31,592.45,205.10,391.00
2026-06-08,301.54,411.74,245.22,363.31,584.85,208.64,408.95
2026-06-09,290.55,403.41,244.19,364.26,584.05,208.19,396.68
2026-06-10,291.58,397.36,238.00,356.38,570.45,200.42,381.59
2026-06-11,295.63,390.34,241.51,357.77,567.90,204.87,399.15
2026-06-12,291.13,390.74,238.55,359.68,566.45,205.19,406.43
2026-06-15,296.42,399.76,246.02,369.35,593.48,212.45,411.15
2026-06-16,299.24,393.83,246.00,373.25,600.21,207.41,404.66
2026-06-17,295.95,378.91,237.50,363.79,567.58,204.65,396.38
2026-06-18,298.01,379.40,244.39,368.03,577.22,210.69,400.49
2026-06-22,297.01,367.34,232.79,349.68,563.85,208.65,405.05
2026-06-23,294.30,373.94,234.11,346.13,562.20,200.04,381.61
2026-06-24,293.08,365.46,234.27,345.29,557.67,199.00,375.53
2026-06-25,275.15,352.83,227.01,343.71,542.87,195.74,375.12
2026-06-26,283.78,372.97,232.69,337.39,550.25,192.53,379.71
2026-06-29,281.74,368.57,240.14,353.65,562.60,194.97,411.84
2026-06-30,289.36,373.02,238.34,357.37,563.29,200.09,420.60